frame_nmr,car_id,car_bbox,license_plate_bbox,license_plate_bbox_score,license_number,license_number_score
0,2,[2175.562255859375 1160.281005859375 2819.600341796875 1733.237548828125],[2407.14501953125 1551.4888916015625 2576.4580078125 1638.708251953125],0.601301134,NW51TSU,0.109490714
0,3,[758.107666015625 1368.2216796875 1452.546630859375 1986.1424560546875],[974.843505859375 1753.38330078125 1199.61572265625 1851.2119140625],0.566929162,NA13NPU,0.321401651
1,2,[2175.120661489632 1164.6697785841602 2818.305537350081 1736.0082171959039],[2411.28076171875 1549.0323486328125 2584.846435546875 1642.2110595703125],0.58766675,NO51VSU,0.030402287
2,3,[750.2817758167623 1378.5604726943716 1447.0199587610457 2002.6145608238862],[963.908203125 1782.290283203125 1187.048095703125 1872.455078125],0.482261956,NA13NPU,0.196924173
2,2,[2175.060930667178 1169.5186810306136 2818.361607621858 1742.3055216472576],[2410.064208984375 1563.0289306640625 2585.4462890625 1653.6104736328125],0.443589151,NU51VSU,0.396852615
3,3,[741.1093146143512 1386.099004073427 1438.5242661884258 2012.1429743195215],[956.3245239257812 1785.894287109375 1184.3193359375 1879.58935546875],0.499800175,MA13NRU,0.183500568
4,2,[2175.1245423740584 1177.0923860850623 2822.700575877978 1753.4286176465992],[2416.5966796875 1575.3438720703125 2587.6669921875 1654.04443359375],0.57133013,HL51NSU,0.169021518
6,3,[728.8315229216912 1404.3791844952484 1428.466760068409 2037.2740967466548],[942.6060791015625 1802.4078369140625 1184.63232421875 1902.5452880859375],0.492838383,NA13NRU,0.17303829
8,3,[721.4508136662521 1415.4721584360925 1430.0254918543596 2054.2574944877733],[954.481201171875 1824.6544189453125 1171.98779296875 1918.4886474609375],0.539391994,NA13NRU,0.429334543
9,2,[2175.8900291376394 1201.3513523583968 2832.8672330863365 1786.6845053052477],[2420.986328125 1596.531982421875 2593.7939453125 1690.515869140625],0.636472702,ML51VSU,0.476142424
9,3,[716.1188898125008 1422.9182455659839 1427.4688466825553 2064.965127288685],[935.3754272460938 1832.400146484375 1177.8798828125 1928.1412353515625],0.578481197,NA13NRU,0.431340512
10,3,[713.0638920052463 1427.3836981795976 1427.5855608944037 2071.9614290248537],[923.6050415039062 1831.7845458984375 1181.89794921875 1942.963623046875],0.564912021,NA13NRU,0.285400259
11,3,[706.4114016376282 1434.6397438244633 1424.6874296038466 2081.439681563976],[917.3567504882812 1840.018310546875 1168.37451171875 1944.036376953125],0.504995644,NA13NRU,0.243562265
12,3,[700.2262504968826 1441.7524821974841 1421.451094478684 2091.2740914869387],[925.744873046875 1853.3126220703125 1158.483154296875 1958.677001953125],0.461299956,MA13NRU,0.620119684
13,3,[697.9006898135367 1447.0321338851372 1421.7930457414977 2098.9122393243642],[925.9616088867188 1860.333984375 1170.808837890625 1966.88671875],0.557128668,MA13NRU,0.178134087
14,3,[692.4056044158548 1452.9963385720316 1418.2629117035272 2107.0403192661784],[905.5953369140625 1874.878662109375 1173.856201171875 1974.228759765625],0.355865866,NA13NRU,0.246879366
17,2,[2178.368144375324 1236.7526051130135 2850.300220548398 1833.979181960016],[2430.6962890625 1641.233642578125 2614.86669921875 1736.07568359375],0.657473564,HD51VSU,0.298876067
18,2,[2181.53610708247 1244.8449501035293 2858.4285288020574 1843.43750470036],[2434.96875 1658.2445068359375 2616.3369140625 1748.3082275390625],0.625939131,ND51YSU,0.247020681
18,3,[673.7067633546555 1483.5257137910626 1406.4499031478301 2143.305646444078],[903.7554931640625 1901.3785400390625 1157.5286865234375 2006.7509765625],0.572817087,NA13NRU,0.799590268
19,3,[670.1025652643578 1488.5366525944103 1402.3546460935422 2147.712474398589],[917.9881591796875 1911.1651611328125 1148.39404296875 2009.7535400390625],0.638970137,NA13NRU,0.330918394
21,2,[2178.330846021013 1252.859632553241 2863.2392106815814 1863.0455102367466],[2435.07080078125 1681.083251953125 2619.674072265625 1763.300537109375],0.645804942,CD51VSU,0.171526017
21,3,[662.1860454352602 1500.8896815557455 1398.1732245668125 2156.783431372783],[884.347412109375 1924.3209228515625 1152.8433837890625 2037.9884033203125],0.619988859,NA13NRU,0.295930608
22,3,[658.6556001911424 1505.6327504820763 1397.1760499907548 2158.488731797001],[872.0458374023438 1923.385009765625 1137.302001953125 2037.912353515625],0.646121681,NA13NRU,0.330087638
23,3,[654.5422476856943 1510.3496648293258 1395.4902378963006 2159.2395684667135],[910.2366943359375 1941.67529296875 1144.842041015625 2045.092529296875],0.656570554,NA13MRU,0.666639774
24,3,[651.1008864406958 1514.1713483134458 1395.078520731811 2159.056608934548],[871.8218994140625 1951.18359375 1131.591796875 2066.694580078125],0.629756868,NA13NRU,0.514650687
25,2,[2180.450262321724 1270.084892427722 2873.2953743385006 1894.5757869323093],[2440.6259765625 1698.05712890625 2624.81640625 1788.904541015625],0.688557386,MT51VSU,0.308853334
27,3,[639.9856105166551 1535.3846070700158 1392.9874204248263 2160.3952939682144],[855.1869506835938 1977.8837890625 1129.27099609375 2092.0537109375],0.664292157,NA13NRU,0.149715
28,3,[636.846232311874 1542.2698175884823 1392.542220077879 2160.2882079701403],[873.21923828125 1982.536376953125 1116.48974609375 2092.091796875],0.668285429,MA13MRU,0.194423893
28,2,[2183.7143901902946 1286.2115349230473 2882.063140603813 1919.7986093624484],[2448.505126953125 1726.8270263671875 2626.811767578125 1804.2125244140625],0.644006729,CQ35ISV,0.044558537
31,3,[622.8705002365161 1567.7703604050794 1388.9542503537589 2163.121941024622],[873.2708129882812 2022.1593017578125 1119.325439453125 2125.74951171875],0.69703728,NA13NRU,0.124952044
31,2,[2184.9444706018107 1309.461378886138 2887.230494144305 1946.8385049156518],[2445.0732421875 1741.8350830078125 2633.772216796875 1832.0928955078125],0.663160622,CZ51VSU,0.116132751
33,3,[613.8049247381896 1584.198765205917 1385.0842638193153 2163.139061751962],[851.9373779296875 2040.15234375 1122.01220703125 2151.599853515625],0.649620712,NA13NRU,0.502694027
35,3,[605.1530128762656 1601.0688800561675 1381.9939786682896 2161.8677321988503],[856.0693359375 2065.3662109375 1110.753662109375 2160.0],0.633230686,MA13MRU,0.424092283
43,1,[1118.8565174120376 1144.44578102839 1732.6274774074682 1605.3808085926823],[1354.19580078125 1420.533447265625 1513.285888671875 1506.3336181640625],0.255401671,GX15OGJ,0.193247645
49,2,[2197.029494898591 1403.88650759084 2943.085748043728 2087.468190330327],[2478.630859375 1876.346923828125 2673.86669921875 1965.536865234375],0.696889639,IW51YSU,0.012656104
55,2,[2205.3448736975506 1444.2479054691803 2967.1570170137647 2138.225749641831],[2490.779541015625 1924.787109375 2691.077392578125 2013.034423828125],0.68134737,CI51WSU,0.02091988
58,1,[1079.6255848452513 1203.2564298714015 1718.8081349097258 1681.6705733250974],[1318.248779296875 1498.3861083984375 1485.2698974609375 1570.5069580078125],0.291001052,GX15OGJ,0.140718778
59,2,[2209.491306314975 1462.055227053922 2982.9896813753594 2157.129946732931],[2497.30859375 1959.7744140625 2710.335693359375 2050.330322265625],0.707461298,MT51VSU,0.096528291
64,1,[1063.2042756540363 1228.7827887427643 1712.2230531411628 1715.7248613738197],[1307.1953125 1526.3349609375 1475.30908203125 1606.326416015625],0.288278848,GX15OGJ,0.466468638
80,1,[1016.900830503819 1302.6083415732558 1697.5764791736394 1814.339178881023],[1261.7177734375 1626.8272705078125 1430.342529296875 1704.8616943359375],0.555027306,GX15OGJ,0.333715025
81,1,[1010.7656483469939 1308.5207937523603 1695.3946386494679 1822.2025506378516],[1238.1236572265625 1617.38134765625 1419.0172119140625 1704.504150390625],0.43113175,GX15OGJ,0.557394798
90,1,[983.5211450929513 1353.1707093298894 1686.8601245348214 1886.679062210788],[1229.11474609375 1685.350341796875 1427.822265625 1772.9666748046875],0.56869328,GX15OGJ,0.21557254
92,1,[976.4121513960667 1363.312429340185 1684.8258469059288 1900.1592363621255],[1224.468505859375 1692.900390625 1398.9027099609375 1781.046875],0.485483438,GX15OGJ,0.284478851
93,1,[972.9024678143069 1370.8224059819413 1684.009780954877 1909.1557435762152],[1227.291259765625 1701.39990234375 1435.83935546875 1794.30615234375],0.509268403,GX15OGJ,0.406711651
96,1,[961.2105502574091 1389.5274298011097 1679.994531630231 1932.430459167126],[1217.364013671875 1728.6177978515625 1433.411376953125 1813.4564208984375],0.546785653,GX15OGJ,0.447619946
99,1,[952.3416688256415 1406.6080939611677 1678.4406138036893 1953.650236626732],[1207.87158203125 1751.7088623046875 1425.74365234375 1837.9991455078125],0.442904502,GX15OCJ,0.774285784
100,1,[949.4031860535845 1411.3600253803236 1677.8934195429185 1960.4837411082933],[1198.529296875 1746.264404296875 1422.2552490234375 1836.529541015625],0.568257868,GX15OCJ,0.62609642
102,1,[943.0069824407253 1425.1986650872727 1675.3082460443686 1977.4144269699264],[1209.34375 1773.0970458984375 1410.6744384765625 1856.2093505859375],0.597478986,GX15OCJ,0.282671243
103,1,[939.8487052887192 1430.7917693282225 1674.5306534479707 1984.7350442029938],[1209.9482421875 1785.581298828125 1409.1048583984375 1857.2978515625],0.430884331,GY15OGJ,0.209630207
104,5,[2021.687469534929 1101.2006159437606 2590.489104122069 1548.1623913193016],[2224.32373046875 1371.15673828125 2428.869384765625 1464.1475830078125],0.415165573,AP05JEQ,0.295246927
110,5,[2021.6663556076126 1123.0322162261562 2599.5386532319144 1573.9318808177302],[2225.068603515625 1400.113525390625 2424.581787109375 1486.2109375],0.453506917,AP05JEO,0.097166042
113,1,[898.9594798436312 1494.8634287782806 1660.3085261964895 2070.600287288248],[1168.0924072265625 1861.580810546875 1385.0072021484375 1944.352783203125],0.475364655,GX15OCJ,0.527354454
115,5,[2023.4563050085408 1140.9416920502563 2610.512100071718 1595.7694131604344],[2223.2626953125 1426.1768798828125 2428.208984375 1512.700927734375],0.385402441,AF05JEO,0.284389043
116,5,[2023.0467374206573 1146.6950089784596 2611.7714012135657 1601.249323079016],[2224.921142578125 1425.02392578125 2433.687744140625 1511.0791015625],0.438865274,AF05JEO,0.224068056
118,12,[1114.288785434863 1068.7965702483434 1647.4649238021805 1486.6306955533823],[1300.1993408203125 1306.177490234375 1459.98388671875 1387.91552734375],0.295240819,KH05ZTN,0.206919228
121,1,[867.3567146507086 1550.1893902671657 1650.375708760051 2139.84990708009],[1143.783203125 1920.30908203125 1376.8896484375 2014.4208984375],0.611154258,GY15OCJ,0.456116388
121,5,[2024.5895408813412 1160.9263081807142 2618.621169874994 1623.899174693636],[2219.47705078125 1444.1744384765625 2435.165771484375 1534.505859375],0.358218223,AF05JEO,0.440880807
122,1,[862.9622656006707 1555.6193846368894 1649.0733732377491 2145.317585771858],[1139.33837890625 1932.1124267578125 1363.52294921875 2021.3572998046875],0.590421319,GY15OCJ,0.512877004
122,5,[2022.3771106039778 1162.8974909208557 2613.436708203669 1627.9229831467571],[2216.306396484375 1448.7005615234375 2431.106689453125 1536.43359375],0.442382902,AP05JEQ,0.337126037
123,1,[857.4119972413484 1562.8569505092846 1647.2897671166727 2151.302982553673],[1126.17041015625 1939.9736328125 1332.201416015625 2027.399169921875],0.487867802,GX15OGJ,0.364955345
123,5,[2024.6460003772127 1166.3058590083906 2618.0333781020436 1633.4202250713479],[2236.767333984375 1466.7637939453125 2438.52392578125 1556.2393798828125],0.327688366,AF05JEO,0.20005489
124,1,[853.0244141473943 1567.8125994028012 1645.8398334072724 2154.288756334504],[1135.6455078125 1946.72705078125 1345.338623046875 2036.56884765625],0.504265666,GY15UGJ,0.264814119
124,5,[2025.6205292859681 1168.8347510443095 2620.67483032059 1637.8642964172823],[2229.05126953125 1463.09375 2431.673583984375 1549.99462890625],0.334706008,AF05JEQ,0.107345069
125,1,[848.5309933444078 1573.9722112101506 1644.2419526334952 2156.621371868101],[1138.79345703125 1959.604248046875 1350.734375 2052.620361328125],0.625591815,GY15OGJ,0.41383982
126,1,[843.6603457987673 1581.5989523740827 1642.4080376518136 2158.7841137553037],[1125.627197265625 1972.3524169921875 1339.430908203125 2070.0107421875],0.652090907,GY15OGJ,0.25003596
126,5,[2025.2577874740339 1176.4740743461318 2625.2438681675017 1647.9556713498707],[2222.50146484375 1467.2750244140625 2447.357421875 1559.1917724609375],0.325967222,AP05JEO,0.330284765
127,1,[840.3262917712934 1587.2218996547306 1641.2714892380566 2159.375360889339],[1122.7177734375 1979.6539306640625 1340.182861328125 2071.9404296875],0.61812222,GY15OGJ,0.66363732
128,1,[835.4944291289607 1594.106798445602 1638.9692092137648 2160.1891912405376],[1107.71142578125 1982.18701171875 1334.5323486328125 2079.615234375],0.602326572,GX15OGJ,0.354389842
129,1,[829.3140751901849 1601.8328885600783 1635.9354112720055 2160.187242746567],[1113.362060546875 1996.668212890625 1339.97216796875 2089.729736328125],0.607090533,GX15OGJ,0.433251842
130,1,[824.2048776273788 1607.7643404816254 1634.603850331237 2158.32143893052],[1118.224609375 2012.203857421875 1321.8033447265625 2098.732421875],0.65425539,GY15OGJ,0.353715952
130,15,[2239.0832388472722 1625.5731900746655 2982.4826189695445 2158.895862280602],[2513.16015625 1986.665283203125 2728.448974609375 2086.217529296875],0.502353191,LM13VCV,0.526352317
131,15,[2239.647082756699 1631.9547428764663 2986.3932270823325 2160.0953947237326],[2505.32861328125 1998.4013671875 2730.009765625 2094.2578125],0.409133166,LM13VCV,0.305494701
132,5,[2028.173008316154 1195.528824872662 2636.4713118052014 1676.812475088529],[2226.841796875 1491.951416015625 2449.007080078125 1582.5087890625],0.447484106,AP05JEO,0.209077771
133,15,[2240.5237350430543 1644.5549051379091 2992.2946324380846 2160.940260682282],[2515.307373046875 2009.25634765625 2742.9375 2114.5791015625],0.65269506,LA13VCV,0.306987003
133,5,[2028.4974229748036 1198.0411067489601 2638.152765349712 1681.1522503028143],[2231.43408203125 1499.7158203125 2422.31884765625 1583.949462890625],0.359793693,AP05JEO,0.406346723
134,15,[2241.713763170315 1651.0109935732346 2995.680906308134 2160.1870416231714],[2510.4609375 2017.5743408203125 2737.904296875 2124.9423828125],0.631226122,LM13VCV,0.456245804
135,15,[2242.394111961353 1659.3805681028623 2998.9752027983313 2162.8967686644673],[2515.902099609375 2034.42041015625 2744.548095703125 2135.668212890625],0.647728801,LM13VCV,0.34285774
135,5,[2028.6802676217471 1207.876843175752 2641.509002958311 1692.912155234975],[2265.199462890625 1509.6968994140625 2466.051513671875 1598.1895751953125],0.444593728,AP05JEO,0.193237215
136,5,[2029.5142475706245 1212.0267559185716 2643.499418981651 1697.2188714425263],[2238.44677734375 1506.8701171875 2446.641357421875 1599.498779296875],0.486651033,AP05JEO,0.279533468
136,12,[1069.6952451567695 1114.8689225277767 1628.7892445819684 1555.9782248632514],[1271.2113037109375 1367.7305908203125 1427.4207763671875 1457.7569580078125],0.268990368,KH05ZTK,0.15360625
137,5,[2030.950812690419 1217.5948715758611 2646.342111113686 1703.0957134988096],[2249.0595703125 1517.0313720703125 2465.50634765625 1615.1436767578125],0.634490728,AP05JEO,0.740879427
137,15,[2242.526378567478 1674.4768512669443 3003.6945811240503 2165.166359792681],[2522.94140625 2052.256103515625 2751.818115234375 2155.056396484375],0.613911033,LH13VCV,0.424096054
138,15,[2244.5047273445916 1682.913574453912 3009.3465547686956 2165.6582059769585],[2525.11767578125 2059.720947265625 2753.31494140625 2160.0],0.642151594,LM13VCV,0.320544674
138,5,[2031.5842956777656 1223.488536762156 2648.8208253303505 1709.613437384819],[2236.7646484375 1527.48046875 2464.6572265625 1607.83740234375],0.586037099,AP05JEO,0.361357696
139,5,[2032.45560328909 1225.0788004964982 2650.7272459027386 1713.1074952603828],[2240.57373046875 1526.0576171875 2446.46484375 1604.732177734375],0.547163546,AP05JEO,0.188582509
139,15,[2246.1032242433716 1688.8965013385002 3013.3018373243144 2165.174776885141],[2514.630859375 2060.375244140625 2750.924072265625 2160.0],0.506318033,LM13VCV,0.429420966
140,5,[2032.8890764506582 1229.0268361500853 2652.9933190332536 1718.291101079677],[2270.167724609375 1536.0531005859375 2460.621337890625 1609.446533203125],0.334233999,AP05JEQ,0.110910147
140,12,[1060.8903847681586 1128.475455144107 1624.7483059411293 1574.8916649915636],[1254.8763427734375 1389.9306640625 1420.29345703125 1470.2099609375],0.281370401,KH05ZZK,0.592172845
141,12,[1053.5395927476784 1133.5963222984599 1613.9637581744805 1580.2643965561385],[1258.07568359375 1396.3443603515625 1416.0546875 1473.995361328125],0.301845759,KH05ZIK,0.420272283
141,5,[2033.4059445062758 1234.7764540509293 2655.045449306429 1724.734949187808],[2257.0751953125 1535.587646484375 2458.95361328125 1621.224609375],0.264783859,AP05JEO,0.250459083
142,5,[2034.0728583174382 1237.1916963206083 2657.058395151103 1727.9757794510658],[2261.949462890625 1539.9638671875 2468.431640625 1624.305908203125],0.33911553,AP05JEO,0.139502794
143,5,[2035.610935781805 1242.2549884851314 2660.272713788878 1733.8003528622694],[2240.93017578125 1537.91259765625 2454.859130859375 1624.927978515625],0.533129036,AP05JEO,0.242582468
144,5,[2034.9454691837234 1247.378418862797 2660.702623442538 1740.4344665145359],[2245.67041015625 1549.53076171875 2440.509765625 1633.9119873046875],0.477320999,AP05JEO,0.241349288
145,5,[2034.4152785010392 1248.4093877863434 2661.3486292691496 1744.6493188248105],[2268.87255859375 1555.7808837890625 2470.94482421875 1644.1878662109375],0.407226115,AP05JEO,0.214118755
146,12,[1042.944723062065 1155.3230669145 1609.2753513036855 1603.261952926273],[1235.5595703125 1414.2008056640625 1399.98876953125 1506.6229248046875],0.545994997,KI05ZZK,0.114980551
146,5,[2034.4932652137754 1252.22936233082 2663.4553828944777 1751.43910396512],[2239.40380859375 1560.808349609375 2426.0146484375 1643.897705078125],0.332618773,AP05JEO,0.182782211
147,12,[1042.3436961177913 1159.858086683886 1611.9241280590668 1608.8818530103622],[1232.949951171875 1415.53662109375 1402.96484375 1511.8544921875],0.537021458,KM05ZZK,0.716984855
147,5,[2035.8728980469004 1257.9072989446709 2665.5188207992524 1758.234355160409],[2256.18994140625 1573.4857177734375 2470.331298828125 1656.5350341796875],0.510014832,AP05JEO,0.315489705
148,12,[1039.261129974119 1162.0893364159306 1610.7987638874422 1612.1220030804657],[1230.3846435546875 1415.714111328125 1399.902587890625 1510.261474609375],0.505822182,KH05ZZK,0.497980018
148,5,[2037.260023735364 1261.8515464396385 2668.519361596281 1764.1345340138084],[2246.543212890625 1573.761474609375 2458.883544921875 1652.956787109375],0.487732738,AP05JEO,0.549803496
149,5,[2038.0240737985457 1267.9975989162144 2670.5167468072004 1770.4787160193373],[2260.13037109375 1584.169677734375 2433.423828125 1662.096923828125],0.405791789,AP05JEC,0.159068292
150,12,[1035.3814423036706 1168.1392666827446 1612.9184817329788 1622.2710414085086],[1226.725830078125 1425.332275390625 1391.686279296875 1512.156494140625],0.480437279,KH15ZZK,0.168375171
150,5,[2038.9626032747803 1272.2160138782847 2673.806868607061 1777.8618695068208],[2269.06201171875 1586.1529541015625 2449.688232421875 1659.75146484375],0.364585757,AP05JEO,0.332929431
151,5,[2040.1111516895776 1273.7308803031028 2677.645743978686 1782.7986644223502],[2248.799560546875 1582.3974609375 2479.07666015625 1666.012939453125],0.368741959,AP05JEO,0.175184606
152,5,[2040.4430935094063 1278.2375400842056 2679.947631071746 1789.7208464175142],[2250.853271484375 1588.078125 2462.91748046875 1671.767578125],0.533673227,AP05JEO,0.599805617
153,5,[2041.1375247947753 1282.715232636385 2682.1186310121484 1796.90365032986],[2252.99560546875 1590.693603515625 2475.673095703125 1688.8974609375],0.398633689,AP05JEO,0.514225922
154,5,[2041.9331256388484 1284.7091387040184 2684.5466618955297 1801.4247885326247],[2266.9150390625 1600.669921875 2492.66943359375 1699.789306640625],0.406643808,AP05JEO,0.275079994
155,5,[2041.839390078495 1286.9147853726577 2686.638885220843 1806.2819368869705],[2265.965576171875 1608.6031494140625 2479.238037109375 1695.9884033203125],0.438763082,AP05JEO,0.566256672
156,5,[2041.3673974879514 1291.962676693126 2689.159573285605 1812.3852633739507],[2276.906005859375 1613.7784423828125 2496.66748046875 1701.4676513671875],0.433949828,AP05JEO,0.430444629
157,5,[2039.9726046221645 1295.57054190137 2690.5431321468254 1817.5330775750647],[2266.888916015625 1618.46240234375 2495.38232421875 1699.896484375],0.4962264,AP05JEO,0.397378394
158,12,[1013.3206626157578 1196.328535238531 1596.0044382055378 1657.62975252541],[1217.856201171875 1465.8431396484375 1386.59716796875 1553.6978759765625],0.442837,KH05ZZK,0.586385878
158,5,[2041.727022760033 1299.3837384755345 2695.126659535161 1822.9137176630313],[2284.7939453125 1632.298583984375 2501.609375 1706.66650390625],0.324120462,AP05JEO,0.172354562
159,12,[1013.4287774313545 1202.1872851075375 1597.0530082651155 1663.7385504432948],[1207.25927734375 1471.882568359375 1386.856689453125 1558.2607421875],0.360828161,KH05ZZK,0.492224449
159,5,[2043.2943492876448 1304.158499531755 2697.9524110090997 1829.4629825265345],[2284.48974609375 1639.056884765625 2475.9873046875 1709.43017578125],0.323464632,AP05JEO,0.445583789
160,12,[1012.0915067656942 1205.2911391726261 1598.137020208198 1667.9717242664615],[1205.2333984375 1470.9774169921875 1383.672119140625 1558.9647216796875],0.424378216,KH05ZZK,0.478935529
161,5,[2045.355719521493 1314.4640073959854 2702.79243332174 1842.9110512016632],[2280.89404296875 1637.193603515625 2523.107421875 1722.94189453125],0.302827418,AP05JEO,0.433953898
161,12,[1012.0087628683311 1209.289591692889 1602.5735956508663 1673.1493235502405],[1204.744384765625 1478.380859375 1381.02880859375 1564.338623046875],0.450079858,KH05ZTV,0.225800929
162,12,[1008.2618601760294 1214.083886515554 1600.385742129785 1679.3827907441798],[1201.90966796875 1482.2471923828125 1381.388916015625 1568.3126220703125],0.438515097,KH05ZTK,0.519314948
162,5,[2046.699417059868 1319.2652827002864 2706.5313730107046 1850.4873608293904],[2275.749267578125 1651.516845703125 2456.072509765625 1732.8427734375],0.274095207,AP05JEO,0.261136441
163,12,[1003.9248001596183 1217.7284858986302 1597.3170641396046 1683.941779122618],[1205.978515625 1484.228515625 1382.173583984375 1575.27294921875],0.502583742,KH05ZTK,0.545275045
163,5,[2047.853885384391 1322.2662232770913 2709.9576529270325 1855.3216985892286],[2269.336181640625 1650.464599609375 2487.968505859375 1741.456298828125],0.362631887,AP05JEO,0.410663344
164,5,[2049.273144976789 1326.846755795559 2713.1337906986273 1861.9867264974775],[2278.4365234375 1660.6805419921875 2492.420654296875 1752.18310546875],0.531579316,AP05JEO,0.15937969
164,12,[1000.0900189322372 1221.2091644595703 1593.0333930087052 1688.388467075515],[1205.71923828125 1492.7568359375 1380.978515625 1577.2900390625],0.514603019,KH05ZZK,0.145928707
165,5,[2050.0187489996183 1333.352364193496 2716.4266329429342 1871.175645383252],[2275.900634765625 1667.8515625 2517.1962890625 1751.54833984375],0.541503072,AP05JEO,0.232962789
165,12,[996.640072488688 1225.7263617864237 1590.905678486874 1693.843653508351],[1210.7353515625 1501.2689208984375 1379.2882080078125 1582.2894287109375],0.49475497,KH05ZZK,0.320695765
166,5,[2049.884785165822 1337.2558177167714 2718.1637243951272 1877.281312708439],[2283.12353515625 1678.869140625 2468.585693359375 1753.31982421875],0.342972964,AP05JEO,0.292851373
167,5,[2050.360024890621 1342.2794700019385 2721.302143923723 1883.703233357931],[2300.95751953125 1678.3399658203125 2522.572998046875 1760.9073486328125],0.334391803,AP05JEO,0.444572528
170,5,[2052.131547620589 1360.7444133228828 2729.08517274343 1905.8856324097],[2285.08056640625 1699.0843505859375 2504.11865234375 1786.3861083984375],0.512732625,AP05JEO,0.225615154
170,12,[988.5540926147626 1247.832002594753 1592.2166798859323 1720.7424046679018],[1194.686279296875 1516.4542236328125 1371.073974609375 1607.4169921875],0.469606012,AN05ZZR,0.402494363
172,5,[2054.389466690537 1370.5916800786836 2735.6943080673054 1918.5188428476627],[2294.8486328125 1706.662353515625 2533.861328125 1801.8017578125],0.568999171,AP05JEO,0.379572935
173,12,[982.1131311993247 1257.55415082603 1599.6684832250792 1736.712579843136],[1188.51025390625 1532.2642822265625 1366.804443359375 1622.1990966796875],0.559109271,KN05ZZK,0.479341986
173,5,[2054.345106172515 1374.0099406294137 2738.3681738670552 1924.164083716472],[2300.17431640625 1718.088623046875 2529.596923828125 1808.099609375],0.500740767,AP05JEO,0.114413505
174,5,[2055.747306940047 1381.2311281434534 2742.1958420094375 1932.3018857636832],[2296.223876953125 1729.0784912109375 2536.387939453125 1810.6182861328125],0.452196896,AF05JED,0.200175052
175,5,[2057.5016488693454 1383.7877946348958 2746.4846741873735 1936.6862454270117],[2311.2841796875 1726.1048583984375 2532.6904296875 1818.4222412109375],0.370072871,AP05JEO,0.399037529
176,12,[972.2550977161166 1267.7737483593655 1595.194341617719 1751.3009961681773],[1185.2186279296875 1549.4520263671875 1368.6397705078125 1636.7164306640625],0.577356696,KN05ZZK,0.315896129
176,5,[2058.238260773819 1388.7066925179893 2749.4672738314684 1943.7073616929856],[2283.267578125 1735.0953369140625 2491.25732421875 1818.117919921875],0.555848241,AP05JEO,0.225245781
177,12,[969.1809698218235 1273.6320792186423 1594.2136048189427 1759.0305660324555],[1180.378662109375 1559.78076171875 1363.219970703125 1650.497802734375],0.548963487,KH05ZZK,0.313854683
177,5,[2058.2797684694756 1394.189367121713 2750.9657781730334 1951.6986140065756],[2292.1171875 1742.40283203125 2517.29296875 1839.406982421875],0.52018714,AP05JEO,0.480617471
178,12,[965.3973472427092 1277.7214051422502 1592.0033469833174 1764.9269593474883],[1178.8482666015625 1559.5469970703125 1364.51611328125 1651.5084228515625],0.582199216,KH05ZIK,0.517939683
178,5,[2059.3876100419006 1399.4371579001715 2753.0695886746894 1957.7088839297774],[2289.8408203125 1746.936767578125 2511.7177734375 1838.536376953125],0.359160423,AP05JEO,0.318409032
179,12,[961.7524657875758 1283.2051146975946 1589.4199542655126 1771.2417205876532],[1171.7138671875 1569.8060302734375 1346.95654296875 1657.9185791015625],0.542493105,KH05ZZK,0.124519934
179,5,[2060.7751102693123 1405.906998398797 2756.2040316819953 1965.7971977407774],[2290.31494140625 1754.123046875 2553.8720703125 1847.60498046875],0.395937681,AP05JEO,0.29675893
180,12,[959.5320858648921 1288.0657128804119 1588.1164983963417 1777.6932604846197],[1173.42041015625 1569.848876953125 1351.79541015625 1659.96240234375],0.514248312,RH05ZZK,0.646842013
180,5,[2062.041718281168 1412.581119781919 2759.612318763757 1974.4698546268637],[2299.4033203125 1763.150634765625 2537.6162109375 1854.200927734375],0.318589181,AP05JED,0.427930668
181,5,[2063.762054933989 1416.375030784271 2763.6115413815905 1980.302493507581],[2320.930419921875 1775.9805908203125 2549.03076171875 1863.18603515625],0.519113779,AP05JED,0.192585323
182,12,[957.2596467647468 1296.3249786391623 1589.7921810999746 1789.0637578891904],[1166.968017578125 1583.32177734375 1350.8505859375 1674.6826171875],0.623626709,RH05ZZK,0.349234689
182,5,[2064.3849431233857 1423.131784920178 2767.079607463387 1989.779476817111],[2337.68603515625 1778.38330078125 2570.7021484375 1863.450439453125],0.295456201,AP05JED,0.463703312
183,12,[951.9029042164677 1301.2541722221854 1584.9218678791688 1795.6854401312785],[1165.4658203125 1595.1529541015625 1349.272216796875 1682.077880859375],0.627908409,KH05ZZK,0.895912104
183,5,[2065.111168674418 1432.471648779911 2770.7794226708984 1999.8516719716736],[2298.525390625 1783.38916015625 2527.515625 1868.5478515625],0.515047789,AP05JEO,0.352105409
184,12,[948.551318584098 1304.757994081297 1585.6640115217617 1801.7318043771475],[1173.282470703125 1595.3662109375 1352.113525390625 1685.913818359375],0.624224186,RH05ZZK,0.610912081
184,5,[2065.616735581448 1440.541606732422 2773.5506873983136 2007.965851250982],[2309.1728515625 1777.4051513671875 2546.50927734375 1876.4652099609375],0.610026836,AP05JEO,0.234079378
185,5,[2067.2445456285072 1448.3382567926697 2777.013563911081 2015.5995718182498],[2322.47314453125 1799.987548828125 2552.019287109375 1892.864501953125],0.608698606,AP05JEO,0.251445689
186,5,[2068.677825516618 1456.0930836099499 2780.2593731402258 2024.0416283794154],[2308.814208984375 1803.328125 2560.04150390625 1896.296630859375],0.57684505,AP05JEO,0.324919958
189,5,[2072.780418741644 1470.4399195712108 2790.3905696403262 2044.7404903235088],[2323.212890625 1829.6524658203125 2538.339111328125 1913.050048828125],0.583332479,AP05JEO,0.499515666
190,12,[933.8499264035866 1336.290012970174 1578.7740475765274 1840.9547542813891],[1150.745361328125 1629.791015625 1341.4061279296875 1716.768310546875],0.611378849,KH05ZZK,0.60296098
190,5,[2073.1229068031394 1474.193588604604 2793.509295279539 2051.023714372137],[2296.260498046875 1821.849609375 2554.21826171875 1917.7705078125],0.268939734,AP05JEO,0.683939854
191,5,[2074.053066068501 1478.6749778304456 2797.5197378072753 2058.5203596139927],[2322.213134765625 1836.2060546875 2552.05029296875 1933.882080078125],0.608785331,AP05JEO,0.413714666
192,5,[2075.7712744271407 1487.7387108443268 2800.831109986347 2068.828607428482],[2325.337890625 1861.0308837890625 2563.01025390625 1942.664794921875],0.527439654,AP05JEO,0.258496422
193,12,[921.5094072106815 1352.4121270851947 1570.059833650819 1859.889358302341],[1140.3006591796875 1652.163818359375 1328.3887939453125 1742.913818359375],0.584339976,KH05ZZK,0.794996459
193,5,[2077.059846692545 1493.315301105678 2804.152836311303 2075.8837730275427],[2329.9267578125 1858.3428955078125 2564.4384765625 1942.3143310546875],0.484783083,AP05JEO,0.64070341
194,5,[2078.4118598309005 1500.913949915841 2807.938049330355 2085.1714892326067],[2338.345703125 1871.19287109375 2577.96044921875 1958.00390625],0.591211915,AP05JEO,0.391795823
195,5,[2079.773446654724 1505.9508578386735 2812.3001130913376 2094.528837278212],[2341.38037109375 1874.619140625 2582.002685546875 1960.05908203125],0.646210849,AP05JEO,0.308869405
195,12,[910.5754612103065 1363.1983429595073 1558.1533969676148 1873.7373899801457],[1131.37109375 1666.637939453125 1323.236328125 1755.175537109375],0.535451412,KK05ZTK,0.145467999
196,5,[2079.7869028675914 1510.4107933857547 2814.7820740899806 2101.965154472006],[2333.2666015625 1875.49853515625 2578.345703125 1970.10400390625],0.648194134,AP05JEO,0.350979753
197,12,[901.1156957774444 1371.9802000315672 1547.8101906310892 1885.5567878027855],[1128.550537109375 1680.690673828125 1320.4150390625 1769.218505859375],0.623446286,KH05ZZK,0.591282772
197,5,[2081.114040449405 1515.6241854977627 2819.138983144628 2110.704476699148],[2342.014892578125 1893.271728515625 2588.816162109375 1986.73095703125],0.487605959,AP05JEO,0.21291728
198,12,[903.9149711691814 1378.6302813284988 1556.9707340286616 1893.5187393753622],[1121.69775390625 1681.9658203125 1317.06494140625 1773.3460693359375],0.624542415,RH05ZTK,0.287613192
198,5,[2083.548178027669 1521.4053597109996 2824.6042512324952 2119.5203836089713],[2358.474609375 1907.945556640625 2611.921142578125 1987.949951171875],0.477349073,AP05JEO,0.388138558
199,12,[898.1932892957836 1382.0566703102377 1554.104825102055 1898.3330057765947],[1119.609375 1690.7625732421875 1311.1007080078125 1776.6947021484375],0.61009711,RI05ZZK,0.214965065
199,5,[2084.3631242738884 1526.9121692023605 2827.856470724636 2126.545712699064],[2336.62451171875 1910.91943359375 2596.83935546875 1994.1826171875],0.561756551,AP05JEO,0.319078058
200,5,[2085.0900865784806 1537.3236614215032 2831.593570082052 2136.0363129370007],[2340.32373046875 1910.077392578125 2598.07861328125 1997.71923828125],0.557160437,AP05JEO,0.568406152
201,12,[888.421341211749 1389.892367390289 1553.6825579691374 1913.634158031893],[1107.34326171875 1702.386962890625 1302.4765625 1795.53857421875],0.644656062,KR05ZZK,0.392345825
201,5,[2087.740892470442 1547.6466320379836 2836.7059219739135 2144.3388430893297],[2344.376220703125 1923.321533203125 2571.978515625 2005.9127197265625],0.579916,AP05JEO,0.336711385
202,12,[885.5355550580762 1393.6909532138243 1552.599978507254 1920.0689424979037],[1107.3541259765625 1704.1259765625 1301.549560546875 1799.700439453125],0.650058687,KN05ZZK,0.76473769
202,5,[2089.566004587373 1553.586125679615 2840.781651540906 2148.858067067472],[2379.484375 1933.152099609375 2621.25537109375 2017.0528564453125],0.276722223,AP05JEQ,0.167369922
203,12,[881.1367754767049 1399.3705950876317 1548.19040188413 1928.1296871037641],[1110.8741455078125 1715.1903076171875 1297.2733154296875 1802.0782470703125],0.605552614,KH05ZZK,0.609436913
203,5,[2091.1975148118713 1558.858614618662 2844.314477434497 2152.7735032830556],[2357.97802734375 1932.642333984375 2606.99755859375 2033.949462890625],0.582562923,AP05JEO,0.199144108
204,12,[876.745503042562 1404.9309369588404 1547.3421133723352 1936.0664043426932],[1105.3238525390625 1723.38623046875 1296.180908203125 1813.777099609375],0.600515127,KH05ZZK,0.584970507
205,12,[872.4834591188355 1407.9721161044156 1548.1879549387313 1941.5339735723721],[1099.8753662109375 1729.88818359375 1293.9722900390625 1816.5029296875],0.638210118,KH05ZZK,0.640455258
206,5,[2094.311978522721 1571.1217133403682 2853.9675536466075 2156.8268568831486],[2370.44677734375 1968.6551513671875 2627.950927734375 2059.010009765625],0.60265094,AP05JEO,0.314754572
207,12,[864.056211388726 1423.307417039738 1546.840476792377 1959.4296011603296],[1091.770751953125 1743.302734375 1288.7720947265625 1834.00244140625],0.627401114,KH05ZZK,0.394657375
207,5,[2097.511391420677 1582.1763128922037 2859.8922709004955 2160.488033637954],[2371.2919921875 1973.227294921875 2586.451171875 2057.859375],0.599690259,AP05JEO,0.313023605
208,12,[860.5874858214792 1428.4386832327798 1547.3228428306816 1965.5620080641777],[1083.6361083984375 1745.56494140625 1282.710205078125 1840.086181640625],0.65836817,KH05ZZK,0.231934971
208,5,[2097.0477967095817 1588.599338928471 2862.8544371862367 2160.491631815673],[2387.69775390625 1984.9892578125 2637.296875 2076.599853515625],0.321844757,AP05JEQ,0.136390684
209,5,[2099.484626929417 1596.930597566728 2868.428330519639 2162.1434068396356],[2366.77685546875 1988.40673828125 2638.515625 2091.295166015625],0.539821267,AP05JEQ,0.294978277
209,12,[856.6567963359303 1435.0967317347636 1545.9709681810236 1973.2832613689625],[1081.6773681640625 1749.6741943359375 1283.0223388671875 1845.809326171875],0.606366873,KH05ZZK,0.644723179
210,5,[2102.131586218152 1600.4278625302634 2874.964503494657 2161.3716867145204],[2369.58984375 2007.596923828125 2636.2783203125 2100.57568359375],0.627539814,AP05JEO,0.390323008
211,5,[2103.3040653476332 1604.441360597291 2879.0829920345745 2160.892389798963],[2387.47802734375 2005.8076171875 2650.841064453125 2100.22705078125],0.62861985,AP05JEO,0.471808255
211,12,[850.2892828461559 1445.122544845274 1544.7035111364444 1987.467557329953],[1071.2890625 1770.8477783203125 1280.44140625 1860.7965087890625],0.59677124,KH05ZZK,0.10902709
212,5,[2104.620431382178 1614.0077587532805 2882.8748774449214 2161.9887172962876],[2379.10107421875 2016.6639404296875 2649.0966796875 2103.4697265625],0.538923502,AP05JEO,0.186074302
213,12,[837.338190799843 1459.2353788369821 1533.9865788834825 2004.9751994177839],[1068.390869140625 1786.5120849609375 1270.75146484375 1877.4327392578125],0.669586837,KH05ZZK,0.623383744
213,5,[2107.2450968743915 1625.1514800048149 2889.1134467575803 2163.576064421618],[2382.07470703125 2019.2208251953125 2624.395751953125 2115.4853515625],0.628858507,AP05JEO,0.461933296
214,5,[2108.3272628072273 1633.602490852864 2892.869863391913 2164.2763967700457],[2384.50048828125 2027.4407958984375 2647.681640625 2123.490966796875],0.629796386,AP05JEO,0.329263883
215,12,[829.5393751524217 1471.4797485211823 1530.2728642371235 2019.9106430410882],[1059.6610107421875 1800.496826171875 1260.589599609375 1895.989990234375],0.650550723,KH05ZZK,0.27259163
215,5,[2110.209824564643 1642.1902954141742 2897.0616938866997 2165.8021053671882],[2387.17919921875 2034.5035400390625 2647.98583984375 2133.20458984375],0.537084043,AP05JEO,0.363524196
216,12,[824.5906023176847 1478.2458513114439 1529.4493487083148 2028.4109236290096],[1051.3759765625 1806.907470703125 1251.817626953125 1903.45166015625],0.626498282,KH05ZZK,0.634033775
216,5,[2112.746281105253 1649.9700085630502 2902.559001995647 2166.28972813547],[2378.819580078125 2052.77783203125 2671.0126953125 2140.944580078125],0.613989949,AP05JEO,0.238513449
217,5,[2113.698882312171 1655.0744765005438 2905.444043943812 2165.2571516753405],[2377.33642578125 2054.298583984375 2668.9892578125 2152.59619140625],0.674051702,AP05JEO,0.156841757
217,12,[819.5924609661581 1482.7955902420358 1526.4389901587035 2034.1057971075124],[1052.4564208984375 1809.0047607421875 1255.0509033203125 1899.4713134765625],0.606034756,KH05ZZK,0.388532157
218,12,[815.2766447997858 1488.9618067270574 1524.9594075832176 2042.6336003707572],[1051.8248291015625 1823.556884765625 1249.9061279296875 1914.3555908203125],0.637476563,KH05ZZK,0.294941587
218,5,[2114.7156966024936 1662.96486139684 2909.1525032653467 2165.610636352926],[2376.03955078125 2071.60009765625 2653.490478515625 2156.84521484375],0.618879855,AP05JEO,0.30510819
219,5,[2119.493064639076 1672.3302772015197 2916.918845710945 2166.658468566848],[2374.24267578125 2078.03662109375 2613.40380859375 2160.0],0.403347403,AP05JEO,0.346118263
222,12,[794.4041707834758 1516.1192381077597 1512.8747266122323 2077.241179862285],[1027.91650390625 1852.5845947265625 1240.0478515625 1947.0435791015625],0.569066107,KR05ZZK,0.0715374
223,12,[793.2956508141333 1521.5385723702725 1518.1039842300574 2084.156956009451],[1028.5733642578125 1858.9339599609375 1235.2203369140625 1950.9840087890625],0.625091791,KH05ZZK,0.094804563
234,12,[735.4713970469261 1590.355070248235 1484.8747786310237 2161.060212021798],[979.8693237304688 1947.667236328125 1201.528076171875 2049.161865234375],0.658115447,RI05ZZK,0.167334273
235,12,[731.2173767474328 1595.0797095967457 1482.976762750297 2161.8363172540257],[981.00146484375 1952.2646484375 1199.56640625 2051.936279296875],0.676723778,RR05ZZK,0.329585365
236,12,[727.2465038150226 1601.4399525279262 1481.6811597012734 2162.635509180166],[979.3209228515625 1964.049072265625 1198.0440673828125 2062.621826171875],0.689163446,KM05ZZK,0.268404657
238,12,[715.2153051614741 1615.4224709576756 1476.0826872343118 2162.8433552514225],[965.4966430664062 1976.126220703125 1184.138916015625 2078.127685546875],0.707504153,RH05ZZK,0.412900733
239,12,[709.9889608752719 1621.6417880077925 1474.152369525179 2162.08105459368],[960.85986328125 1985.076171875 1189.7830810546875 2088.5673828125],0.680366993,KH05ZZK,0.32491933
248,12,[665.2754587107123 1687.3288369939557 1454.8006959492163 2163.9666313630773],[932.4640502929688 2069.501708984375 1155.76806640625 2160.0],0.684038341,KH05ZZK,0.11596522
249,11,[2243.895508261293 1457.3568530080393 2919.051239019105 1980.5843147090973],[2495.21826171875 1788.19189453125 2683.08203125 1870.3289794921875],0.406049848,LR02FMI,0.054820984
249,40,[2306.2411141194348 1118.3854318126685 2891.3503445536967 1574.9018027864074],[2530.189453125 1392.8353271484375 2658.337646484375 1468.369873046875],0.371952772,EY61NBC,0.27889167
250,40,[2300.8934923289494 1119.9621323822116 2891.0679100610655 1580.8613807720294],[2529.989013671875 1392.9342041015625 2660.771240234375 1469.62841796875],0.476686448,EY61REC,0.686955669
256,40,[2292.8830014486402 1140.5875330430981 2903.4669661341277 1620.5057813095973],[2540.594482421875 1395.5029296875 2664.291259765625 1489.2578125],0.394043356,EY61MBC,0.606605863
257,40,[2293.964135898296 1142.0366668919132 2907.0899712617706 1624.6717478365413],[2542.75146484375 1413.7333984375 2683.79052734375 1504.469482421875],0.266921133,EY61NBG,0.79309556
262,40,[2315.721672094763 1157.202098646985 2923.5356572738688 1648.2123631789761],[2547.939453125 1426.328125 2680.2236328125 1521.97216796875],0.32722348,EY61NBG,0.506059207
265,40,[2321.6995088431586 1168.2566724046844 2931.479169778596 1665.218080422702],[2556.1025390625 1446.2142333984375 2688.5625 1548.375],0.303677738,EY61NBG,0.47673684
269,8,[890.5627108694845 1469.6616765547783 1586.9584991341808 2035.6719556189291],[1142.823486328125 1833.6119384765625 1335.3035888671875 1930.1224365234375],0.60297972,FJ14ZHY,0.485259816
269,40,[2324.3135805448933 1184.894446866209 2940.9962162246115 1687.6386630189636],[2564.6826171875 1433.9388427734375 2698.0068359375 1548.8199462890625],0.286435217,EY61NEG,0.313605824
270,40,[2328.7680440185645 1189.319891034308 2944.2462226967814 1693.1510965636912],[2554.84326171875 1484.020751953125 2708.336181640625 1568.975830078125],0.324630111,EY61NBG,0.650629824
271,40,[2331.2159259693867 1191.908089603469 2945.0350540732793 1696.6091002933197],[2560.0126953125 1487.0419921875 2714.55224609375 1571.2939453125],0.347250104,EY61NBG,0.626163858
272,40,[2333.3607137770878 1196.1642151938117 2946.6212698910367 1702.300689837858],[2560.724609375 1476.12158203125 2700.96044921875 1564.8592529296875],0.34994176,EY61NBG,0.565979478
272,8,[882.6058902205989 1489.9005160651168 1586.7173573345733 2061.573776020896],[1129.3427734375 1871.448486328125 1320.033935546875 1958.5030517578125],0.293603927,FJ14ZHY,0.428882795
274,8,[875.653001111571 1501.7141886388695 1584.4343636708295 2077.253295518859],[1126.3304443359375 1870.0 1321.190185546875 1967.6904296875],0.685106158,FJ14ZHY,0.432636215
274,40,[2320.904287457521 1202.1269296403618 2945.0968414610147 1711.9455553917685],[2573.0791015625 1477.586181640625 2703.5673828125 1567.602783203125],0.265586078,EY61NBG,0.452719347
275,40,[2313.2602569710502 1206.4052154382255 2945.7989951966097 1717.7575034586514],[2571.72021484375 1455.0418701171875 2706.23046875 1590.334716796875],0.347634673,EY61NBG,0.601558064
276,8,[867.1710102970694 1513.5333714454873 1579.3140889652234 2092.162631398965],[1102.6634521484375 1879.8892822265625 1315.5738525390625 1979.9923095703125],0.665254056,FJ14ZHY,0.360365489
276,40,[2312.158384104748 1210.2648613347903 2950.084638754897 1723.102410376351],[2568.908447265625 1504.648681640625 2715.99853515625 1601.542236328125],0.332955688,EY61NBG,0.267067244
277,8,[864.9107882228993 1518.7385066348902 1577.3778956778258 2098.2286184594263],[1104.149658203125 1893.878173828125 1304.054931640625 1992.273193359375],0.645461738,FJ14ZHY,0.291439136
277,40,[2309.5678481859436 1213.7482990976018 2952.970402532935 1728.7426455046839],[2564.41552734375 1505.22998046875 2724.624755859375 1600.1142578125],0.454937041,EY61NBG,0.394834973
278,8,[861.1361230058602 1523.989190316894 1576.2264617023566 2106.1118384786278],[1102.9007568359375 1897.6966552734375 1301.6563720703125 1999.1180419921875],0.680621386,FJ14ZHY,0.50708361
278,40,[2310.3832019061133 1218.2672409282368 2957.388156915494 1736.6838329898683],[2564.59326171875 1487.2188720703125 2721.4794921875 1603.5406494140625],0.457956642,EY51NBG,0.379381828
279,40,[2321.876608221588 1223.9738053361534 2965.7577070428397 1744.5507873569513],[2565.865478515625 1515.81884765625 2725.67333984375 1607.4451904296875],0.526302338,EY61NBG,0.345776979
280,8,[852.8128259622422 1537.8881690922829 1574.6128855185193 2121.601574172544],[1101.9473876953125 1910.12548828125 1303.71484375 2012.805908203125],0.696974814,FJ14ZHY,0.36452899
280,40,[2313.5342301071555 1228.2171887253735 2962.976585531653 1750.9711639420311],[2565.12255859375 1509.1966552734375 2725.18701171875 1608.8712158203125],0.452526748,EY61NBG,0.365608917
281,8,[848.6651828900433 1547.296454845532 1574.0308603750907 2131.9294313887885],[1097.305419921875 1919.808349609375 1290.92529296875 2017.191162109375],0.702463448,FJ14ZHY,0.439598379
283,8,[841.3240570693172 1560.040786430176 1571.7918450404252 2146.400649252343],[1089.845947265625 1934.1141357421875 1290.9364013671875 2038.5091552734375],0.681918561,FJ14ZHY,0.598116015
284,8,[836.9269271760867 1565.1044363534568 1570.7613664738938 2150.1521854207676],[1085.76318359375 1946.8157958984375 1291.708251953125 2044.9888916015625],0.689956367,FJ14ZHY,0.368379931
286,8,[828.890252476355 1573.9111400504155 1568.142748783294 2154.3703234044497],[1079.596923828125 1961.4560546875 1287.380859375 2063.740966796875],0.700416744,FJ14ZHY,0.536845624
286,40,[2324.027718003999 1250.7427870140477 2978.8483525594743 1780.2543831946837],[2578.193115234375 1558.874267578125 2736.459228515625 1647.022705078125],0.515167117,EY61MBG,0.421745402
287,40,[2323.888349677489 1254.57973581621 2981.8407452602896 1784.905461534784],[2574.32666015625 1532.4063720703125 2739.92138671875 1649.7850341796875],0.560599864,EY61NBG,0.662040247
288,8,[818.1514240793072 1586.5846791810984 1563.5782266609954 2157.108252539859],[1067.6319580078125 1981.90234375 1285.90869140625 2085.812744140625],0.712096155,FJ14ZHY,0.451766072
288,40,[2336.164738930913 1259.3016723725386 2989.8731228724273 1790.295818908463],[2575.292724609375 1562.0723876953125 2742.85693359375 1655.8919677734375],0.359740525,EY61NBG,0.709531983
289,8,[814.1468696516422 1592.0405892312017 1562.4946414547676 2157.362011420677],[1068.0224609375 1988.385498046875 1286.588623046875 2093.589111328125],0.701511025,FJ14ZHY,0.316400374
289,40,[2331.9880981494566 1261.5361067303475 2988.8188336738735 1793.9345461861508],[2571.7744140625 1561.8760986328125 2738.4208984375 1657.7669677734375],0.484889865,EY61MBG,0.640488206
292,8,[802.148287277099 1612.378399817323 1557.1421822719972 2157.6560252519803],[1062.676025390625 2014.189697265625 1269.584716796875 2112.23974609375],0.716176748,FJ14ZHY,0.607932411
292,40,[2344.6768400161955 1276.1919851369719 2996.6296260368053 1812.7261403549803],[2581.85546875 1585.67724609375 2744.35546875 1674.11279296875],0.588456869,EY61NBG,0.633772902
293,8,[796.9800777398805 1621.0857326202083 1553.8134708382709 2159.4459407970144],[1053.4764404296875 2020.08056640625 1268.079345703125 2121.89892578125],0.727778018,FJ14ZHY,0.331548086
293,40,[2350.0055886695945 1280.917763728898 3000.5919288295663 1819.5575526608077],[2593.544921875 1581.5555419921875 2751.98046875 1679.4876708984375],0.595252037,EY61NBG,0.416431529
294,8,[765.532795601036 1630.2613076100904 1539.3502169580993 2161.1329240877153],[1047.4541015625 2032.145263671875 1266.03515625 2136.9599609375],0.69101882,FJ14ZHY,0.528182652
295,8,[756.1319220367907 1637.3289470290267 1538.7812130466289 2161.6634125854407],[1046.8206787109375 2039.720947265625 1260.1044921875 2136.2666015625],0.694290161,FJ16ZHY,0.23995598
295,40,[2353.461109736433 1288.7817540074807 3003.4028573973637 1832.7647010332403],[2589.444580078125 1600.5889892578125 2761.8662109375 1696.1802978515625],0.574313164,EY61NBG,0.314912292
296,8,[756.8399241940631 1644.3592754850304 1541.8538886508975 2162.623489101551],[1043.677001953125 2050.37353515625 1262.759033203125 2152.310791015625],0.720603764,FJ14ZHY,0.408277365
297,40,[2358.6386027218423 1300.0719956960174 3009.270915074324 1845.6397296436335],[2594.6376953125 1622.22900390625 2764.97998046875 1703.501708984375],0.51823473,EY61NBG,0.583772448
298,8,[765.0622368305757 1658.3715488413882 1541.801176231942 2163.9140517966994],[1038.703369140625 2064.435546875 1251.07177734375 2160.0],0.71600014,FJ14ZHY,0.415902016
298,40,[2360.0786083426365 1304.8205097798266 3011.1456292422936 1851.1240844804868],[2591.877685546875 1625.324462890625 2760.544921875 1711.2470703125],0.512724519,EY61NBG,0.183948266
299,8,[763.9182447340744 1665.6404758590952 1539.7102040752438 2164.5490394483786],[1031.8271484375 2079.9140625 1242.7056884765625 2160.0],0.675281465,FJ14ZHY,0.391038801
299,40,[2362.539982245196 1310.1391242422305 3015.457091108277 1857.5999199784274],[2588.61865234375 1634.397216796875 2770.403564453125 1717.969482421875],0.624320328,EY61NBG,0.750212706
300,40,[2364.168912477289 1316.708493288249 3019.362262521961 1865.8244354049048],[2598.095458984375 1618.7991943359375 2772.8564453125 1725.3717041015625],0.585857749,EY61NBG,0.453454225
301,40,[2365.208560697111 1321.2877317125221 3022.673613259963 1872.1096961025669],[2600.6572265625 1621.1195068359375 2772.65234375 1730.03759765625],0.552488983,EY61NBG,0.391421086
302,40,[2365.251028106951 1327.2473443935462 3025.3911791663186 1879.6979002305122],[2600.21240234375 1628.126220703125 2771.15869140625 1742.138671875],0.545415044,EY61NBG,0.937776428
303,40,[2366.206717582795 1334.040082734657 3028.457224582253 1889.4540264153693],[2601.44677734375 1665.528076171875 2777.822021484375 1743.8558349609375],0.50813508,EY61NBC,0.49645816
304,40,[2364.877655648078 1337.3716249158922 3030.70413733857 1895.730496763503],[2598.03759765625 1669.9984130859375 2779.13623046875 1747.4091796875],0.597595036,EY61NBG,0.645124072
305,40,[2367.1863390346675 1344.0725640129988 3036.0480432418585 1904.8221484627331],[2601.751953125 1668.3065185546875 2781.866455078125 1753.7911376953125],0.604923487,EY61NBG,0.503095591
306,40,[2369.84306006679 1350.5829429858877 3041.0093290752075 1914.5015552401628],[2602.82177734375 1680.531494140625 2782.33837890625 1764.25],0.617895484,EY61NBG,0.323924839
307,40,[2370.445657047205 1354.2968877361063 3044.221180480088 1920.9983113592093],[2596.445068359375 1686.67041015625 2780.49658203125 1762.943359375],0.590677321,EY61NBG,0.576286923
308,40,[2370.3500928315516 1358.1432641165854 3045.58377275115 1927.8411367767123],[2600.817626953125 1680.73876953125 2787.700927734375 1782.048095703125],0.656256735,EY61NBG,0.606248
309,40,[2371.6348200499224 1363.6104713865925 3048.881627064111 1936.4060121738357],[2618.994140625 1696.591552734375 2787.328125 1786.620849609375],0.592771351,EY61NBG,0.418260346
310,40,[2371.9536197559605 1367.4736116954073 3050.8647033405737 1943.0359644672503],[2610.38232421875 1696.9522705078125 2789.9326171875 1793.0284423828125],0.574593842,EY61NBG,0.738239822
311,40,[2372.5034050281174 1373.1432883077252 3053.5621692109435 1953.4166229324148],[2613.34619140625 1694.0947265625 2790.15478515625 1795.2205810546875],0.617122173,EV61NBG,0.660996158
312,40,[2374.9018580265733 1378.5258982159594 3057.54082344631 1960.8077694816193],[2627.28173828125 1660.0711669921875 2775.29736328125 1797.0303955078125],0.272352725,EY61NBC,0.746900315
314,40,[2373.5056136781577 1388.3052869123494 3063.1692916992697 1975.6947324904609],[2617.69482421875 1733.345458984375 2803.583984375 1814.79833984375],0.613966465,EY61NBG,0.463105866
315,40,[2374.6542276833884 1395.9645369756704 3066.6060909138764 1984.6458077107832],[2616.46875 1732.2294921875 2807.88671875 1829.541015625],0.67623353,EY61MBG,0.316829293
316,40,[2359.572315100542 1401.8713570368247 3062.9314542247407 1992.262177116669],[2622.676513671875 1719.169189453125 2807.89111328125 1831.2711181640625],0.624947608,EY61NBG,0.60443063
317,40,[2354.0711885454707 1407.4147140216562 3065.5589033776773 1999.267219083714],[2617.365966796875 1745.4049072265625 2812.247314453125 1844.9219970703125],0.623995781,EY61NBG,0.330513616
318,40,[2361.1454968683943 1414.1357451629833 3074.318733382472 2008.3521102479112],[2622.397705078125 1762.91455078125 2817.38671875 1844.7601318359375],0.522986889,EY61NBG,0.690983398
319,40,[2356.309944188321 1418.7143715984894 3075.066351576324 2014.7552035232493],[2622.900146484375 1768.5556640625 2819.19140625 1854.506103515625],0.635945857,EY61NBG,0.620199639
320,40,[2369.590975316082 1425.4134837237455 3084.7227136580896 2023.2294398773986],[2628.04833984375 1781.0159912109375 2815.91015625 1861.9251708984375],0.624923468,EY61NBG,0.230689447
321,40,[2374.178100588074 1431.916908070881 3089.175603821064 2032.1216977409774],[2630.370849609375 1776.4508056640625 2819.836669921875 1861.9310302734375],0.633165956,EY61NBG,0.512013114
322,40,[2380.8816265121595 1436.012856155055 3093.7017068069254 2037.3327296090251],[2632.409912109375 1783.136474609375 2826.75341796875 1877.38134765625],0.6773386,EY61MBG,0.343360573
323,40,[2385.0756522904803 1441.8495337474276 3097.435015439103 2044.999379412832],[2641.21630859375 1778.240478515625 2828.7490234375 1885.2216796875],0.51668191,EY61MBG,0.359074148
325,40,[2389.515977347134 1453.082134929346 3102.865436399984 2060.7278144526244],[2651.79736328125 1808.375732421875 2832.5888671875 1893.75390625],0.602653861,EY61NBG,0.383034578
326,40,[2389.977600839566 1459.098171865391 3105.0754576355844 2069.540543201488],[2644.3515625 1810.787841796875 2829.3447265625 1905.6529541015625],0.646408975,EY61MBG,0.738847778
327,40,[2393.244623612192 1466.528447867353 3109.9316415784856 2079.4952755646336],[2644.8447265625 1825.1341552734375 2832.468017578125 1912.0623779296875],0.636833608,EY61NBC,0.382153315
328,40,[2393.8398586585527 1471.4339960527404 3112.4453467335507 2087.2608500337537],[2641.77197265625 1830.5013427734375 2828.491455078125 1915.3941650390625],0.659305513,EY61NBG,0.408514382
330,40,[2385.3862862325705 1486.1102934137489 3116.1572932087365 2107.3371758108383],[2648.7734375 1836.7470703125 2845.03515625 1939.811279296875],0.586247146,EY61NBG,0.302077082
331,40,[2379.2446871234747 1490.2646877045975 3118.1847293674477 2114.0679684135257],[2657.076416015625 1840.079345703125 2847.83935546875 1941.379150390625],0.610823989,EY61NBC,0.25691328
332,40,[2389.655069364963 1498.0925619228326 3127.72043407899 2122.700361400743],[2659.3076171875 1844.71875 2847.07421875 1957.0166015625],0.279745102,EV61NBG,0.375123702
333,40,[2396.8904828555 1504.794212326053 3134.227796722647 2131.105081284667],[2650.619384765625 1870.9603271484375 2856.999755859375 1961.1591796875],0.665742576,EY61NBG,0.329115894
334,40,[2395.081844009135 1509.1296595015508 3135.816287960052 2136.5247915083824],[2655.727294921875 1875.9517822265625 2859.170654296875 1968.889892578125],0.691008508,EY61MBG,0.501750171
335,40,[2397.1549569338617 1516.0532168362738 3139.605881502766 2144.397881760816],[2656.892333984375 1880.27783203125 2865.0712890625 1980.5126953125],0.665121496,EY61NBG,0.445452981
336,40,[2393.5987005021875 1522.4992707104918 3141.626838992345 2151.201544602833],[2666.63037109375 1896.582275390625 2867.10302734375 1983.517822265625],0.580594957,EY61MBG,0.582599143
338,40,[2388.1313230580554 1531.883676563142 3147.522573627032 2158.774867775307],[2670.1123046875 1909.0579833984375 2866.80712890625 1999.4132080078125],0.650206625,EY61NBG,0.832563384
339,40,[2400.3620934127716 1538.607228066146 3158.2747433216487 2161.4566836161903],[2669.3974609375 1923.46435546875 2877.44775390625 2006.89599609375],0.680083573,EY61MBG,0.601737551
340,40,[2396.6148298546523 1542.4651725864505 3158.737354531865 2161.0391970348487],[2671.6953125 1924.5626220703125 2872.56396484375 2013.0684814453125],0.691280246,EY61NBG,0.950636903
341,40,[2388.1327160005767 1548.269205057302 3158.346262471311 2162.62012195798],[2678.76220703125 1925.5074462890625 2878.269287109375 2024.7161865234375],0.685365915,EY61NBG,0.65025545
342,40,[2385.747852483398 1555.102033306283 3162.55387851791 2162.292083438186],[2682.46044921875 1944.83056640625 2888.6787109375 2036.0244140625],0.64340651,EY61NBG,0.436549966
343,40,[2385.1724055395025 1560.9485675348203 3166.7814836770594 2162.6924621889784],[2683.05322265625 1959.2633056640625 2891.795654296875 2043.9737548828125],0.693168998,EY61NBG,0.490302529
344,40,[2384.3826955366662 1567.2519389405443 3172.01154626374 2162.106146217574],[2680.508056640625 1965.3826904296875 2884.98828125 2052.037109375],0.694512308,EY61MBG,0.377140962
345,40,[2385.7949199058 1574.828388733584 3177.6986345670616 2162.1410510715823],[2690.065673828125 1971.1966552734375 2886.04638671875 2063.46728515625],0.714585245,EY61NBG,0.292877949
346,40,[2385.1392797063436 1580.6428337821458 3181.6125008799945 2161.648967382592],[2691.59228515625 1974.7569580078125 2897.386962890625 2073.01806640625],0.709170043,EY61NBC,0.829324276
347,40,[2389.5997581705424 1586.3120687454243 3188.1005952581263 2159.8046789268014],[2690.961181640625 1987.24267578125 2907.52734375 2088.135009765625],0.683613837,EY61NBG,0.562516613
348,40,[2392.7089722150886 1593.0721455400217 3193.1960030346236 2160.528133025038],[2688.8828125 2000.712890625 2906.5498046875 2096.804443359375],0.718838692,EY61NBG,0.705116594
349,40,[2391.0595945638406 1599.0078361774124 3195.836639894097 2160.4116878457926],[2691.273193359375 2010.3189697265625 2911.79443359375 2101.15234375],0.709643662,EY61NBG,0.40619227
351,40,[2401.8228020471315 1613.0500938822772 3210.325068270723 2162.1366037963617],[2696.426025390625 2021.015625 2911.9755859375 2123.343017578125],0.733953834,EY61NBG,0.536447588
352,40,[2416.9527939600907 1619.3014321881544 3218.6506679156923 2162.2700928933523],[2694.87109375 2028.150146484375 2919.138671875 2134.65380859375],0.697055995,EY61NBG,0.401521834
353,40,[2405.2708229331456 1626.4817506773857 3215.054106872207 2162.295485088573],[2703.2353515625 2052.8251953125 2919.83154296875 2139.1240234375],0.685594082,EV61MBG,0.41163155
354,40,[2399.105480786683 1634.1389098563827 3215.594440177674 2162.451582581823],[2709.425048828125 2059.005615234375 2926.291015625 2149.837646484375],0.679953098,EY61NBG,0.849514426
354,95,[916.9264072082754 1337.5454224914067 1560.3395190419799 1862.5529319155564],[1135.032470703125 1677.630859375 1293.9951171875 1752.010009765625],0.376470864,TV04HVE,0.164556594
355,40,[2397.6246660968504 1640.6362928602518 3219.6682945396183 2161.619446863622],[2709.64013671875 2065.169677734375 2926.850830078125 2153.80029296875],0.705650568,EY61NBG,0.748569424
356,40,[2397.4813338201184 1648.490108560024 3224.7615565401666 2161.9151575541205],[2714.2685546875 2071.11572265625 2925.595947265625 2160.0],0.705166996,EY61NBG,0.581120977
357,40,[2397.7869543992515 1657.6674079213963 3229.8530938147237 2162.7259267762415],[2722.786376953125 2086.29150390625 2924.627197265625 2160.0],0.586284578,EY61NBG,0.411727299
358,40,[2397.49152618629 1665.3938726744152 3233.734807364751 2162.629014404958],[2721.743408203125 2102.877685546875 2934.799072265625 2160.0],0.510894001,FY61NAG,0.208678146
373,95,[845.146479912203 1427.7287122137725 1528.2126188090517 1989.3283533956403],[1076.0584716796875 1786.585693359375 1265.17822265625 1872.973388671875],0.563873827,AV38RIF,0.063812364
378,95,[819.8029140864892 1454.9837624428894 1512.481393181125 2027.8005339280169],[1052.7138671875 1827.4456787109375 1244.26416015625 1909.8636474609375],0.567691803,IV08HVF,0.329952467
379,95,[815.1664946831561 1460.2208464551102 1510.131063585567 2033.2040963248007],[1046.8719482421875 1830.3629150390625 1236.695556640625 1910.4525146484375],0.609173894,IV08HVF,0.321888854
393,95,[743.0462439839107 1542.8001148130334 1471.3136312668134 2139.818409250674],[996.7911987304688 1933.465576171875 1188.065673828125 2021.4466552734375],0.663599968,AV08HVF,0.774238785
400,167,[2292.9340508744513 881.2043752361071 3042.192961503192 1790.7755470934114],[2577.436279296875 1559.55126953125 2737.598388671875 1643.0029296875],0.382656336,GC65USJ,0.325798714
402,167,[2281.9488381652 885.279092284833 3042.50420849869 1801.5417087041683],[2564.31982421875 1569.7371826171875 2736.29248046875 1656.4185791015625],0.424151301,EC65USJ,0.891801275
403,202,[2274.9648726268983 888.2083366506367 3043.8878407061043 1806.736038680744],[2569.54443359375 1577.329833984375 2735.94970703125 1653.703857421875],0.299306661,EC65USJ,0.324987382
408,167,[2262.6691712068896 903.5803874077571 3054.3201566950283 1834.9832644067976],[2581.94287109375 1602.030029296875 2758.583984375 1691.177490234375],0.571659625,BG65USJ,0.560514127
410,95,[649.941576279032 1647.6887743433085 1420.2091501077791 2164.062959601651],[905.3626098632812 2068.83447265625 1118.080322265625 2160.0],0.75503546,AV08HVF,0.581861048
411,167,[2270.300483214755 914.4519595350218 3065.3660724414826 1854.9293611549463],[2577.101806640625 1619.67041015625 2750.934814453125 1706.923828125],0.627631605,BG65USJ,0.775063504
412,167,[2274.306743728548 917.0762904297236 3068.8296370759617 1860.7467226086378],[2579.55029296875 1620.31494140625 2757.37060546875 1708.673583984375],0.602583289,BG65USJ,0.666449839
412,95,[639.3153886305005 1661.2557367189797 1414.335725996872 2164.436948692294],[907.4771118164062 2093.08251953125 1113.06591796875 2160.0],0.420991957,AV08HVF,0.455766165
416,231,[2276.942283931445 928.1968118151544 3078.9199726509974 1887.7697088932505],[2585.67333984375 1648.304931640625 2754.61962890625 1732.8232421875],0.616160452,BG65USJ,0.522560632
417,231,[2273.777897226688 934.986825831828 3080.5959304841926 1899.7779648432984],[2583.87109375 1654.0126953125 2762.97509765625 1744.769287109375],0.621629298,BG65USJ,0.951572654
418,231,[2284.963781091206 939.8386018990298 3084.899108341657 1904.1573867015652],[2581.65380859375 1658.52392578125 2763.7373046875 1745.2708740234375],0.610950947,BG65USJ,0.789831604
420,231,[2297.873505692007 949.0702629800868 3088.729079673376 1915.035492472192],[2585.1201171875 1673.635009765625 2772.935546875 1761.205322265625],0.630660951,BG65USJ,0.386287723
421,231,[2288.199341652387 950.3908224956108 3085.557843921329 1922.5306278177545],[2586.03759765625 1678.9500732421875 2769.115234375 1766.0760498046875],0.628768563,BG65USJ,0.536051819
422,231,[2288.183864682991 953.7962160059305 3088.218504137486 1930.185149495026],[2585.8046875 1681.6593017578125 2765.38134765625 1767.3175048828125],0.640421569,BG65USJ,0.837808925
424,231,[2274.530355629445 958.3980770916232 3089.6668070239903 1942.7501667383826],[2581.931884765625 1694.9263916015625 2767.98876953125 1787.1324462890625],0.650125861,BG65USJ,0.53815989
428,137,[972.8535481412064 1281.9572855689187 1493.9173517609056 1666.8663359540226],[1142.4237060546875 1544.937744140625 1292.171875 1624.595947265625],0.252519041,NA54KGJ,0.177477913
432,231,[2296.892610957264 985.5936076573014 3108.5310798552646 2000.1417722795525],[2591.03125 1749.53857421875 2784.5322265625 1836.98974609375],0.650391102,BG65USJ,0.573316084
433,231,[2299.671990076813 987.7455877871442 3112.029767630471 2005.7210692141775],[2590.153564453125 1754.6552734375 2781.447509765625 1839.763427734375],0.606864572,BG65USJ,0.591187451
437,231,[2310.291749515112 1007.8143190864331 3122.08013445406 2035.1722050141543],[2592.318359375 1787.7557373046875 2784.2333984375 1878.1541748046875],0.642366707,BC65USJ,0.699472327
438,231,[2309.863340387176 1015.5133297930198 3122.934732450562 2043.668152343494],[2592.61279296875 1788.736572265625 2786.594970703125 1882.41455078125],0.674328625,BG65USJ,0.515370617
440,231,[2313.013294291954 1022.9649895558637 3128.7198388419733 2054.484404030126],[2588.951416015625 1801.158203125 2783.36328125 1890.513916015625],0.643676698,BG65USJ,0.790977375
441,231,[2312.1549550887444 1028.3714329580782 3130.6321848520633 2061.660657637284],[2592.013916015625 1811.35693359375 2788.190185546875 1904.1390380859375],0.666470051,BC65USJ,0.673937001
443,137,[934.0613051586499 1333.106551453728 1470.6292049120027 1732.865081538285],[1103.087158203125 1601.6348876953125 1276.3753662109375 1700.4195556640625],0.368356645,NA54KGJ,0.309126311
449,231,[2304.2437821800936 1067.424485031315 3145.155960341663 2119.414974251038],[2594.48046875 1865.8970947265625 2791.3408203125 1962.9144287109375],0.690381169,BG65USJ,0.919904214
450,231,[2305.999179867803 1073.03903773285 3149.531583429074 2126.3299926424825],[2592.1396484375 1882.2958984375 2792.714599609375 1973.40869140625],0.697435319,BC65USJ,0.562139309
452,231,[2306.4983445878115 1080.8452797566788 3153.9322855363016 2136.733433941709],[2592.23486328125 1895.0584716796875 2795.140380859375 1986.3028564453125],0.680651486,BC65USJ,0.529972041
453,231,[2306.2098265283134 1086.1405574169112 3155.859171606449 2144.167160075688],[2590.42431640625 1904.9644775390625 2798.26513671875 1999.9251708984375],0.682799757,BG65USJ,0.459684424
464,250,[2305.4985479538955 1134.6487087928285 3174.3603152170454 2145.011163926198],[2589.242431640625 1992.4310302734375 2811.519287109375 2091.16943359375],0.700569212,GL65USJ,0.511663691
465,55,[1095.5727907443736 1069.9781691139988 1682.1927824138436 1587.8916879921903],[1305.34228515625 1388.3720703125 1475.53466796875 1473.12255859375],0.575586855,AK64DME,0.271298479
467,55,[1087.5129527385304 1073.9671263979028 1679.2048918259904 1593.3145644674894],[1305.123779296875 1395.30322265625 1473.2801513671875 1478.3162841796875],0.489758939,IK64OMY,0.181163007
468,250,[2296.2564394331903 1155.5760599590542 3180.536528915063 2146.516514942387],[2590.166748046875 2028.566650390625 2819.490234375 2131.755859375],0.714794695,EG65USJ,0.250264614
468,55,[1083.8511604870812 1078.3444928209362 1677.9788661922282 1597.2167878846287],[1310.415771484375 1393.684814453125 1467.726806640625 1486.230712890625],0.603684068,AK64OMY,0.355671243
469,55,[1082.6529742047578 1081.8490872170048 1677.9564968532422 1599.7890262150675],[1304.3660888671875 1394.6044921875 1465.37890625 1484.927490234375],0.607140064,AK54OMV,0.363998017
470,55,[1078.9333011171761 1083.6452507850677 1676.7064092397054 1603.3619435622609],[1303.057373046875 1403.274169921875 1452.7384033203125 1483.3837890625],0.496409297,AK64DMY,0.352172857
471,55,[1078.1879029413412 1087.8851070625506 1676.4882465123842 1608.1126513733134],[1294.9266357421875 1400.681884765625 1458.1973876953125 1493.737548828125],0.622073531,LK64DMV,0.189061942
472,55,[1074.6239371568706 1089.7868678664086 1674.4839497718292 1611.0375015943146],[1304.3720703125 1405.424560546875 1460.2216796875 1499.2646484375],0.398096085,IK64DMV,0.300180499
474,55,[1070.2642683429513 1096.530442240743 1672.5004854341828 1619.249576006955],[1299.4866943359375 1420.162109375 1454.98095703125 1507.156494140625],0.542194188,AK64OMV,0.183453233
475,55,[1068.4416725113192 1098.0548846689837 1671.6824891555643 1621.4496394996015],[1291.367431640625 1415.356201171875 1449.7080078125 1507.58935546875],0.532785535,AK64OMV,0.475268198
478,55,[1063.7324560381983 1107.6062326361275 1668.3588202849035 1633.7140880271895],[1288.2674560546875 1431.9964599609375 1444.0184326171875 1510.2308349609375],0.486433715,AK64DMV,0.537535626
479,55,[1063.153675665997 1110.8633582367759 1668.091417618993 1637.9672880469145],[1292.0672607421875 1434.6163330078125 1443.69775390625 1516.6219482421875],0.570667803,AK64DMV,0.383543558
482,55,[1055.6637117408227 1120.854845135259 1662.4234799555788 1648.1041901056483],[1283.3485107421875 1443.8673095703125 1440.01904296875 1524.076904296875],0.571903646,AK64DMV,0.333794599
483,55,[1054.7103321414247 1124.5316220025115 1661.5681155899715 1651.6107444179102],[1275.4339599609375 1442.0826416015625 1441.174072265625 1529.8326416015625],0.604659975,AN64DMV,0.341885057
484,55,[1053.3703729241 1127.9646472059183 1660.9552473121678 1654.26273295444],[1258.109130859375 1441.861328125 1430.99609375 1529.29296875],0.615756869,AN64DMV,0.53817419
485,55,[1050.8522351592642 1131.243907797751 1659.8122511800711 1658.242872344289],[1256.123291015625 1447.030029296875 1429.7449951171875 1532.680908203125],0.60195148,AK66JMV,0.342889403
486,55,[1046.8068356003173 1134.8410849702423 1658.2134362756628 1662.7999256975527],[1246.735107421875 1448.506103515625 1435.899658203125 1544.1728515625],0.572405338,AK64DMV,0.431822649
487,55,[1045.8830094770246 1138.0430489205785 1657.4974233173157 1666.6747386594163],[1247.1756591796875 1449.63525390625 1431.8690185546875 1546.369140625],0.626180828,AK64DMV,0.638698417
491,55,[1037.0663743680484 1147.084932225364 1653.5453445546786 1681.1679307451218],[1240.0546875 1473.7606201171875 1426.31982421875 1559.2576904296875],0.543805063,AM64DMV,0.2659459
493,137,[824.5487463088147 1555.778879903979 1428.0615887597587 2012.770564796555],[1010.8338623046875 1870.5758056640625 1203.328369140625 1963.58349609375],0.551702976,NO54KGJ,0.042046261
493,55,[1033.8486793909456 1150.5475804486769 1651.4977598187056 1687.5633382968877],[1240.796142578125 1477.947509765625 1425.495361328125 1560.739013671875],0.537050903,AK64DMV,0.48305503
494,55,[1029.0696965279542 1152.2316572805757 1649.0832874726814 1691.2824802946438],[1239.42822265625 1480.8779296875 1423.623291015625 1563.3544921875],0.485970318,AN64DMV,0.632456137
495,55,[1025.597033043755 1155.6655709353768 1647.5991834555548 1696.0961067699845],[1235.3997802734375 1486.9998779296875 1418.923095703125 1573.1378173828125],0.534791887,AK64DMV,0.539640578
496,55,[1023.8399810756184 1157.3491819621336 1647.6269842704748 1699.1181911335093],[1244.3614501953125 1487.1170654296875 1419.8018798828125 1573.8695068359375],0.520087659,AK64DMV,0.480559665
496,137,[816.171128841725 1568.2452004142106 1425.1576759030563 2031.2267738028863],[1000.5228881835938 1885.2088623046875 1205.721435546875 1995.8829345703125],0.48605752,NO54KGJ,0.078757906
497,55,[1020.3177499478317 1159.9377283774188 1645.6475778948466 1703.3433746898077],[1238.9111328125 1489.834228515625 1412.088623046875 1580.9921875],0.565969825,AK64DMV,0.859330353
500,55,[1013.4245657690631 1166.4732620134184 1643.3347721601745 1715.8347747865348],[1209.373046875 1495.023681640625 1408.00830078125 1595.1142578125],0.63547498,AK64DMV,0.633512886
501,55,[1009.3492489388136 1170.4217330636297 1640.7272686301803 1720.9936530591253],[1218.22265625 1506.1607666015625 1408.2564697265625 1601.1148681640625],0.628434598,AK64DMV,0.522425398
501,137,[803.7971213790915 1595.3572413711117 1422.2795808668175 2066.140590885596],[999.0635375976562 1918.9837646484375 1201.445556640625 2026.396728515625],0.443008512,NA55KQJ,0.065364597
502,55,[1007.7661136181564 1172.7293949159534 1640.1611579006512 1723.8988905549159],[1219.7838134765625 1511.077880859375 1407.1102294921875 1605.284912109375],0.595198989,AK64DMV,0.517949097
503,55,[1002.4976140958178 1176.7667168085882 1637.6866547802906 1728.5400065166446],[1216.7061767578125 1515.5546875 1402.315673828125 1606.795654296875],0.58098644,AK64DMV,0.587368475
503,137,[799.1004145307279 1605.9454852195117 1419.882577324618 2079.5656894478434],[985.389404296875 1934.90185546875 1197.244384765625 2048.076416015625],0.435411036,NA54KGJ,0.213096913
504,55,[998.218692561686 1182.1454628301244 1634.212067392857 1734.3150848502255],[1211.929443359375 1523.301513671875 1393.5633544921875 1606.416748046875],0.60742259,AK64DMV,0.730141957
505,55,[994.2135051573968 1184.4985033429675 1633.6883331239965 1737.3343331458218],[1216.675048828125 1524.4090576171875 1400.25830078125 1607.3411865234375],0.563380778,AK64DMV,0.699146927
505,137,[794.6420050646911 1616.6474853586342 1417.9860941320317 2092.7353609296315],[986.1663208007812 1948.359130859375 1193.623779296875 2047.187744140625],0.556254327,NO54KCJ,0.127153165
506,55,[992.4833189377813 1187.754068287034 1632.971863526186 1741.4392137642908],[1213.84375 1527.783447265625 1397.05029296875 1616.50439453125],0.658201873,AK64DMV,0.465565929
507,55,[990.3421891408603 1191.5843417289873 1631.8157381823044 1746.0148087305113],[1209.540283203125 1531.1363525390625 1397.214599609375 1623.1527099609375],0.671264589,AK64DMV,0.69195861
508,55,[988.3702531802643 1193.7838702729227 1629.8385321756627 1748.9761459089495],[1210.6588134765625 1538.159912109375 1393.095458984375 1626.050537109375],0.665889382,AR64DMV,0.480408583
509,55,[986.4301365989097 1197.9161010066723 1628.5482067204587 1753.88945576359],[1201.498291015625 1536.50341796875 1392.516357421875 1630.935546875],0.670881271,AK64DMV,0.622682626
511,55,[980.3833738863661 1205.1235405197303 1621.3631960962082 1763.3329399019176],[1198.607177734375 1544.5572509765625 1381.296875 1634.095458984375],0.678598046,AK64DMV,0.602844095
513,137,[778.72547178017 1662.9863811876635 1413.8655357912296 2144.8836929892614],[974.6011962890625 2001.9609375 1189.97998046875 2105.46337890625],0.64000684,NA54KGJ,0.079745227
515,55,[966.0832928865134 1218.8384870575198 1607.2835739330726 1783.0452495918887],[1188.4149169921875 1563.860595703125 1381.3974609375 1654.96875],0.656059027,AN64DMV,0.474647853
518,55,[959.0095535488633 1228.1085353509234 1601.656640084612 1796.0421040872538],[1187.92919921875 1576.56298828125 1381.07421875 1669.86767578125],0.678789616,AK64DMV,0.557068184
519,55,[958.5059911399944 1230.8090003920188 1602.1694330666874 1800.8741075247294],[1185.013427734375 1588.778564453125 1374.906494140625 1676.4423828125],0.666533649,AK54DMV,0.338744776
520,55,[955.8616362351281 1232.7735219731933 1600.8927870709313 1805.0599110828991],[1177.0806884765625 1587.663818359375 1368.6881103515625 1679.862548828125],0.700888395,AK64DMV,0.5457558
521,55,[952.4464576965723 1235.4334124461177 1597.5276495562052 1810.0688665955151],[1173.0791015625 1589.634521484375 1365.8690185546875 1681.56298828125],0.693116426,AK64DMV,0.264683773
522,55,[949.2599521169934 1238.5910790499302 1597.2421811928318 1816.275891832181],[1173.796142578125 1594.8671875 1367.507080078125 1691.025390625],0.686733723,AK64DMV,0.898365577
525,55,[941.3117186193462 1249.1396587221711 1596.6879619612018 1833.2588111843766],[1167.038330078125 1609.680908203125 1356.806884765625 1703.291748046875],0.674055099,AK64DMV,0.775639419
526,55,[940.0574842116902 1252.4839051276222 1598.132131386622 1837.8461869396751],[1162.80322265625 1614.9609375 1356.8038330078125 1705.102294921875],0.656161845,AK64DMV,0.929044344
527,55,[935.9976617122456 1256.2801919583308 1592.6070950194212 1842.704305856636],[1167.82958984375 1621.811279296875 1356.4970703125 1716.77783203125],0.687054694,AK64DMV,0.701142139
527,246,[2292.8856517905433 1198.7204985083824 2871.7059961446193 1652.920104947298],[2517.9765625 1500.759765625 2659.909423828125 1569.91748046875],0.501083136,EF10OZT,0.185496053
528,55,[932.1587683090736 1261.195322742981 1589.9242325322814 1848.4513748987486],[1161.612548828125 1624.3546142578125 1354.2559814453125 1723.5194091796875],0.692231715,AK64DMV,0.509538948
529,55,[930.5849560875447 1264.5503524661608 1590.4186972917435 1852.496162718273],[1163.5413818359375 1631.1097412109375 1352.7032470703125 1728.9613037109375],0.686683059,AK64DMV,0.833274845
530,55,[926.5743902145529 1268.94036601723 1586.7372437125468 1857.754920281687],[1154.339599609375 1633.5355224609375 1348.620361328125 1729.5999755859375],0.702759027,AK64DMV,0.457602916
531,55,[923.2399990148124 1273.762354758454 1584.1955659004052 1863.6166836858115],[1149.074462890625 1640.84619140625 1341.095458984375 1728.1435546875],0.632613778,AK64DMV,0.716761865
534,55,[917.497229762806 1286.42812959135 1581.678965398743 1881.0032712136483],[1147.34765625 1653.990234375 1348.9248046875 1755.6463623046875],0.690689087,AK64DAV,0.558158461
534,246,[2297.28512924013 1224.2822269555725 2885.433154532456 1683.310099616351],[2507.583984375 1521.2501220703125 2674.049560546875 1606.4468994140625],0.481336206,EF10DZT,0.560174524
535,55,[914.6749050945534 1290.5258570429048 1580.8232759665964 1886.0026825979319],[1148.027587890625 1655.6751708984375 1346.6396484375 1755.985107421875],0.702882886,AK64DMV,0.777379181
536,55,[911.4102569832731 1296.0330244726463 1579.1012158848807 1892.3177552201398],[1144.8516845703125 1670.56103515625 1340.3109130859375 1755.7578125],0.633614182,AK64DMV,0.694254076
537,246,[2306.617562195754 1234.6048126295582 2891.69636162535 1694.9518475038676],[2507.7880859375 1532.9234619140625 2682.770751953125 1622.74072265625],0.601647973,EF10DZT,0.590349931
541,55,[897.6059546323085 1314.5697164243327 1585.8545225930097 1917.5462509165852],[1137.3673095703125 1690.0513916015625 1329.1494140625 1779.563232421875],0.676210761,AK64DMC,0.362268417
542,55,[893.423317330074 1316.9152419596267 1585.485911126308 1922.7834603752713],[1133.5732421875 1689.37939453125 1331.494873046875 1787.917236328125],0.707539141,AK64DMV,0.657630753
543,55,[890.2784575025073 1322.4326157980795 1587.7069898275788 1929.8563309526226],[1125.515869140625 1697.296142578125 1332.841796875 1799.939208984375],0.676605105,AK64DMV,0.710838807
543,246,[2304.8193553473775 1257.3266594619777 2898.110765192684 1727.4731387632664],[2513.36376953125 1550.0738525390625 2688.457763671875 1645.7281494140625],0.608871162,EF10DZT,0.131965712
544,55,[887.956919172467 1323.1463494209354 1590.470010500236 1932.9448932415182],[1130.3485107421875 1701.0966796875 1333.723388671875 1801.499267578125],0.675127149,AK64DMV,0.868542684
544,246,[2303.1767905715233 1259.2562042385168 2899.421033678923 1732.0633120967207],[2518.747314453125 1559.3353271484375 2685.65673828125 1649.7242431640625],0.581809461,EF10OZT,0.42148297
545,55,[883.9327055144784 1327.193518049679 1590.3467002652262 1938.5799329558872],[1130.236572265625 1707.359130859375 1329.085205078125 1801.2265625],0.644248307,AK64DMV,0.370008092
546,55,[877.9959532944956 1330.307771126418 1584.083242747554 1944.2814897945534],[1126.21923828125 1717.544677734375 1326.98779296875 1814.4697265625],0.66666913,AK64DMV,0.290969841
546,246,[2299.904925925427 1263.2816578704042 2902.896560284591 1744.1130471399792],[2515.5615234375 1565.23779296875 2686.064453125 1655.3095703125],0.552134812,EF10DZT,0.620012
548,55,[876.7642964308857 1338.9132275399375 1587.679076794711 1957.1745341596338],[1127.2525634765625 1727.7861328125 1322.1943359375 1824.61083984375],0.697578132,AK64DMV,0.734165743
549,55,[878.2829007286382 1344.2217734872347 1596.377726102604 1964.5193612292846],[1119.0670166015625 1725.998779296875 1321.770263671875 1822.771484375],0.703905582,AK64DMV,0.57366531
551,246,[2312.999046981462 1276.3802633310543 2915.7146381901985 1768.4008578051616],[2518.106689453125 1588.95556640625 2691.866455078125 1677.1728515625],0.65462029,EF10DZT,0.83308195
552,55,[862.0549452083865 1358.11558710741 1574.965621776747 1983.5347958464838],[1108.7796630859375 1744.43408203125 1322.65185546875 1849.44140625],0.642987609,AK64DMV,0.774425786
552,246,[2316.554991455051 1278.6938643606568 2916.5791038387924 1772.825745072832],[2521.439697265625 1595.2115478515625 2693.294921875 1679.4678955078125],0.63972199,EF10DZT,0.563669101
553,55,[860.1378253540647 1361.133588566065 1571.4629590580735 1989.0074727437031],[1113.3857421875 1751.463623046875 1312.002197265625 1847.124267578125],0.658607066,AK64OMV,0.461482359
555,55,[857.058072463188 1367.9925043542576 1568.3498562683478 2001.021094616316],[1105.541748046875 1765.099609375 1306.6959228515625 1855.97802734375],0.670964658,AK64DMV,0.610772149
555,246,[2305.9448412324846 1288.8285271687116 2914.803948432822 1787.123914610839],[2521.341064453125 1609.789306640625 2693.84033203125 1698.596923828125],0.618285358,EF10DZT,0.597200106
557,246,[2300.3209358357303 1295.607522125655 2917.963428635488 1796.3624657289663],[2524.033203125 1611.7840576171875 2693.55224609375 1701.8287353515625],0.631630719,EF10OZT,0.470879792
559,246,[2310.053291496429 1300.4969785923108 2925.342164725756 1804.4876113590976],[2525.8232421875 1621.9998779296875 2700.25390625 1709.1119384765625],0.630344331,EF10DZT,0.413253527
560,55,[846.3182295705858 1392.4453132258345 1561.2990105305269 2032.7167292473173],[1099.742919921875 1794.193603515625 1297.056884765625 1892.405517578125],0.683663368,AK64DMV,0.768197897
562,55,[841.0951203774107 1404.1718203886676 1561.0956757991698 2045.5290568137625],[1095.1666259765625 1799.4254150390625 1299.681884765625 1897.5472412109375],0.701268554,AK64DMV,0.50499442
562,246,[2308.801466988646 1310.1083959086502 2927.9689576271558 1819.5644190657238],[2527.6982421875 1634.3818359375 2709.47021484375 1724.7191162109375],0.635441661,EF10DZT,0.264219775
563,55,[838.4526267703156 1409.6142109502357 1558.8666188132631 2052.569035776821],[1089.9501953125 1809.13330078125 1301.232177734375 1909.16455078125],0.695811808,AK64DMV,0.398057031
564,55,[832.2916274343163 1416.0354335772292 1550.7771863501791 2059.971909594619],[1089.096923828125 1820.887939453125 1295.014404296875 1917.568359375],0.681179404,AK64DMV,0.851574784
565,55,[831.0322804248167 1420.7329018827563 1549.9834884836964 2064.9268110193893],[1090.50830078125 1823.3111572265625 1295.70947265625 1919.2020263671875],0.700566649,AK64DMV,0.581961459
565,246,[2313.564163705305 1319.758050939119 2934.440628081865 1833.1398185819328],[2528.384765625 1642.9808349609375 2716.656005859375 1739.4158935546875],0.651276231,EF10DZT,0.195174242
566,55,[826.6121488752858 1424.8933992458697 1546.6430346634145 2070.998416923768],[1081.722412109375 1829.1719970703125 1293.52734375 1925.2635498046875],0.677884161,AK64DMV,0.548216194
567,55,[825.8469529728861 1429.4778191182727 1549.4389621935804 2078.465380529573],[1079.41943359375 1831.8739013671875 1287.528564453125 1932.5262451171875],0.704676628,AK64DMV,0.551016891
568,55,[824.0378406363591 1433.2253037402365 1547.2141727378369 2083.777995241458],[1076.4891357421875 1834.02490234375 1291.029052734375 1938.766357421875],0.699391961,AK64DMV,0.802383071
569,55,[819.1715156657103 1438.6200859462474 1541.1842606614143 2091.1574002427483],[1078.938720703125 1840.911865234375 1286.534912109375 1943.932861328125],0.680773318,AK64DMV,0.662909891
571,55,[816.27418819033 1449.3597023368775 1543.404542373137 2104.271976929301],[1078.446533203125 1859.71435546875 1283.099853515625 1956.54052734375],0.687182665,AK64DMV,0.611625168
571,246,[2310.7383857695704 1352.0904312320704 2942.3631401281473 1865.2905515729608],[2539.045166015625 1679.9615478515625 2725.781982421875 1768.6820068359375],0.603152514,EF10DZT,0.288367422
572,246,[2318.887032546035 1357.7778985274774 2948.8206820095447 1871.9638641463619],[2535.81689453125 1681.9317626953125 2724.625 1773.7379150390625],0.653439522,EF10DZT,0.300658595
573,246,[2320.2734765935315 1361.1261894374063 2950.7387756439507 1877.6133061029743],[2538.1875 1690.8226318359375 2721.5576171875 1785.7137451171875],0.648194134,EF10DZT,0.292338827
575,55,[804.4932266009444 1468.6218860935212 1542.5281561824697 2131.224936370416],[1064.5169677734375 1879.921875 1280.9263916015625 1984.617919921875],0.705959678,AK64DMV,0.608704205
576,55,[800.705222348414 1476.5748636136047 1540.0281821063725 2139.6070232276647],[1063.4659423828125 1892.625732421875 1277.8172607421875 1989.7012939453125],0.680501342,AK64OMV,0.528264517
577,55,[799.0074564154897 1481.8930854609198 1539.887085774771 2145.062624766515],[1057.891845703125 1889.1910400390625 1279.2550048828125 1995.262939453125],0.662771523,AK64DMV,0.729041596
578,55,[797.4176683466832 1489.6802932424412 1540.7929686027405 2151.2061516414337],[1051.11865234375 1899.3255615234375 1274.94091796875 2004.3050537109375],0.668856561,AK64DMV,0.6456464
579,55,[795.5562809198711 1492.8959158616162 1544.7333861092418 2154.5637203496362],[1051.34033203125 1908.904541015625 1276.7427978515625 2014.411376953125],0.691728055,AK64DMV,0.65980755
580,55,[791.8943814510246 1496.793707674819 1545.857520076837 2157.0994576135686],[1053.0728759765625 1916.0980224609375 1270.27294921875 2014.626708984375],0.7087062,AK64DMV,0.72845188
581,55,[786.4530901912265 1502.0933395421835 1544.5838514712689 2158.996407329597],[1049.7786865234375 1921.725830078125 1269.7186279296875 2021.861328125],0.694546282,AK64OMV,0.414227795
582,55,[783.7261903536055 1508.3533581093825 1547.1471638186053 2160.551570821883],[1049.680908203125 1927.517333984375 1257.4375 2025.173828125],0.686114013,AK64DMV,0.573117431
582,246,[2304.1724183086876 1403.8954913455727 2967.556781442912 1931.3597523046046],[2538.1806640625 1738.4725341796875 2735.4560546875 1836.0325927734375],0.659525096,EF10DZT,0.092805487
583,55,[781.5771906588428 1510.8090480549427 1548.6999549179236 2159.7111703807263],[1047.728759765625 1929.5986328125 1256.5380859375 2031.876220703125],0.681063235,AK64DMV,0.559110431
584,55,[778.1392357252583 1513.5438863997347 1548.6705694689886 2158.6888661268904],[1046.40966796875 1936.8702392578125 1258.965087890625 2039.3887939453125],0.661088526,AK64OMV,0.502916046
584,246,[2304.5053560878246 1409.8820804495992 2973.607149812144 1941.7185351238666],[2539.784423828125 1747.8724365234375 2737.6767578125 1847.84619140625],0.653133154,EF10DZT,0.140159647
585,55,[773.3541071516306 1518.036861349839 1546.5947802876108 2158.2732835548227],[1045.818359375 1951.490966796875 1258.4818115234375 2046.981201171875],0.693235695,AK64DMV,0.526582513
587,55,[765.8136872352834 1528.8546516046792 1544.3892492338782 2158.6254043551626],[1038.860595703125 1967.153076171875 1250.3994140625 2061.489013671875],0.680844188,AK64DMV,0.697009253
589,55,[761.0616724503564 1537.1629156609097 1544.3974849611338 2158.4341498896647],[1029.5228271484375 1976.2576904296875 1248.4920654296875 2075.52783203125],0.702266693,AK64DMV,0.61261542
590,55,[757.3139894627105 1542.661639471025 1543.0284999191817 2158.7620999568294],[1026.71826171875 1982.106201171875 1247.1739501953125 2083.316650390625],0.703086615,AK64DMV,0.642463793
591,55,[752.0866106489566 1549.4670614354648 1539.698444172568 2159.5314368431495],[1026.3511962890625 1987.5494384765625 1250.527587890625 2092.806640625],0.695056379,AK64DMV,0.723192388
592,55,[748.8875945792522 1552.0298404461646 1538.8150693887922 2158.076587869084],[1025.88427734375 1997.480712890625 1247.486572265625 2095.116943359375],0.702461481,AK64DMV,0.270812354
593,55,[745.6892493882466 1557.7609763177402 1538.0698217012832 2158.3488996020824],[1021.02099609375 2002.6915283203125 1244.80078125 2109.2763671875],0.718099058,AK64DMV,0.668275568
594,55,[742.1819834805397 1563.1975621892993 1536.8844989564095 2158.6347544789382],[1021.4086303710938 2013.4061279296875 1233.6484375 2115.0810546875],0.714444399,AK64DMV,0.362849388
595,55,[739.5523881165004 1567.4363849145739 1537.1267771334437 2158.200800060891],[1020.205810546875 2015.19873046875 1236.3958740234375 2121.12744140625],0.725352764,AK64DMV,0.379564664
595,175,[3131.1604708655655 1114.9738861130425 3723.1107144330485 1600.5824783704477],[3367.4541015625 1400.3236083984375 3537.74609375 1493.7542724609375],0.367378861,OU62HIJ,0.38642605
596,55,[736.4769461466815 1573.8590867320265 1535.7471780209114 2159.4208674867505],[1009.1279296875 2024.044189453125 1236.685546875 2130.17724609375],0.701932192,AK64DMV,0.598490053
597,55,[731.330522510845 1584.125095533049 1533.5705482917986 2161.6899331428363],[1004.4091186523438 2032.6871337890625 1239.26904296875 2140.4072265625],0.706202328,AK64DMV,0.707335639
597,246,[2309.8173599998386 1476.0646372801439 2999.0340459904505 2026.6359615459187],[2562.109375 1825.5010986328125 2756.2216796875 1923.0186767578125],0.692542255,EF10DZT,0.372493221
598,55,[728.7455238315636 1590.0695147383913 1532.7380998765545 2161.5357241170127],[1000.2075805664062 2036.9849853515625 1235.540283203125 2143.52392578125],0.697986841,AK64DMV,0.580757627
598,246,[2308.992358643558 1480.2082233994388 2999.5618679854842 2032.4643799503328],[2557.453857421875 1830.66064453125 2756.197998046875 1929.6416015625],0.670356095,EF10DZT,0.469905514
599,55,[725.6100391828861 1594.5080504876255 1531.5867212366913 2160.953219732922],[1000.4366455078125 2050.0859375 1234.4315185546875 2156.145263671875],0.730162263,AK64DMV,0.694501233
599,246,[2309.153485859831 1486.3553338049774 3001.6389037359063 2039.8448158782712],[2561.827880859375 1836.45556640625 2764.357177734375 1935.9239501953125],0.67686671,EF10DZT,0.559830906
600,55,[719.2139805443743 1601.7293817138195 1528.730258326113 2161.4437353615713],[1003.9761962890625 2064.343017578125 1226.398193359375 2160.0],0.730793715,AK64DMV,0.502748074
600,246,[2309.266693444037 1492.714085860815 3003.0915301747777 2046.9414529139603],[2563.9970703125 1840.4169921875 2764.780517578125 1941.922607421875],0.673225462,EF10DZT,0.277799365
601,55,[714.4702755036487 1605.5401797951606 1528.1029435017517 2160.2502234130125],[999.6124877929688 2067.1982421875 1224.483642578125 2160.0],0.732273936,AK64DMV,0.306578571
601,246,[2309.2875111621584 1496.542398648875 3004.00749565092 2051.3360503619597],[2561.15869140625 1842.58544921875 2765.76611328125 1947.314453125],0.658411503,EF10DZT,0.296264478
603,55,[707.1717422456829 1618.9669617529826 1527.3275126717897 2161.2470874283995],[993.4044799804688 2083.29150390625 1218.49609375 2160.0],0.678736329,AK64DMV,0.544973676
606,246,[2313.0833084394153 1524.8012707633943 3014.536245257923 2087.5670580299934],[2568.28173828125 1883.961181640625 2771.0703125 1981.98486328125],0.710583568,EF10DZT,0.573213534
618,246,[2317.2682560125004 1589.2543625108533 3045.670455971853 2158.5246624587066],[2582.83056640625 1966.6805419921875 2793.962890625 2063.55712890625],0.712123096,EF10DZT,0.7134634
618,175,[3208.6377469213385 1206.5338528143527 3837.197222692139 1732.6878757470324],[3471.2783203125 1553.423583984375 3641.8798828125 1633.9427490234375],0.378179163,OU62OYJ,0.12396495
620,246,[2316.9740142585533 1597.6911928160227 3049.4240713793524 2159.9289704187163],[2586.749755859375 1977.895263671875 2793.94091796875 2080.75244140625],0.703267932,EF10DZT,0.158678682
622,246,[2316.899222579101 1607.928893928572 3053.6292357598763 2160.8409423996272],[2588.164306640625 1988.7879638671875 2796.460693359375 2091.01708984375],0.695780873,EF10DZT,0.179397197
627,175,[3246.4278049578347 1244.7668258649348 3846.0150869407958 1776.9815666524398],[3528.19580078125 1612.094970703125 3681.97509765625 1688.154052734375],0.304014325,JU62HYJ,0.3989952
630,175,[3256.343387931022 1257.2522420321852 3845.5714697518174 1794.0012840798008],[3543.45263671875 1594.1033935546875 3700.10595703125 1704.075439453125],0.471638143,JU62HVJ,0.46031453
632,246,[2321.866222237876 1667.853217549472 3082.9724765240644 2160.364853928535],[2598.55224609375 2070.56103515625 2818.25830078125 2160.0],0.724778235,EF10DZT,0.801775969
639,133,[2220.007767076052 1329.79808202781 2852.7915548466826 1829.8411947769594],[2436.96142578125 1662.37158203125 2626.06689453125 1752.899169921875],0.386339217,AF65JKV,0.321380542
640,133,[2220.8508176785676 1332.4579550020158 2856.0495674774825 1834.0775112953183],[2442.29443359375 1660.8804931640625 2613.268798828125 1749.6727294921875],0.483204722,AF65JRV,0.66454779
643,133,[2220.753344317983 1343.9202702496227 2863.7272590830985 1848.7986405684028],[2451.55859375 1680.304931640625 2635.2197265625 1759.29150390625],0.468199342,AF65JKY,0.349344346
644,133,[2220.4211056952017 1348.1344286262856 2864.8364052860807 1853.9828263378672],[2437.60107421875 1682.337158203125 2621.047119140625 1762.93359375],0.278633296,AF65JKY,0.440728335
645,133,[2221.071456468902 1352.3444855427815 2868.1015453741297 1860.1104295851414],[2441.20703125 1686.365478515625 2629.81689453125 1768.941650390625],0.50734657,AF65JKV,0.513721983
646,133,[2220.6443050131684 1355.0445610517788 2869.4370583488035 1864.380225906548],[2437.4365234375 1691.5689697265625 2623.380859375 1769.5294189453125],0.314548522,AF65JKV,0.516221681
647,175,[3323.5473082565686 1343.1330792884278 3844.1356380985117 1902.7069782193103],[3645.3896484375 1696.98779296875 3796.25830078125 1800.774169921875],0.334956139,OS62HIJ,0.184126557
648,133,[2221.738010355204 1364.1331201443236 2872.7061721640193 1876.4900474245405],[2449.29345703125 1701.9232177734375 2629.2109375 1794.4002685546875],0.353969961,AF65JKV,0.19529976
649,133,[2222.651674695343 1367.635955797785 2875.288143953585 1880.6843818841987],[2442.9501953125 1701.090087890625 2634.922119140625 1794.2783203125],0.395250857,AF65JKV,0.478153746
650,133,[2223.1272794104616 1372.2612311592306 2877.1635767251855 1886.195342476477],[2451.02734375 1713.7635498046875 2641.2998046875 1800.8192138671875],0.468397826,AF65JKV,0.637196722
651,133,[2222.5292747635294 1376.3073308531332 2877.25224052032 1891.711610351282],[2448.09375 1725.2149658203125 2642.558349609375 1800.144287109375],0.312824011,AR65JKV,0.540467389
653,133,[2223.9607653331573 1383.7031833125136 2879.9858282775426 1902.0187047511602],[2458.111328125 1731.83935546875 2644.09765625 1815.85986328125],0.600715518,AF65JKV,0.585430242
654,133,[2223.379312965697 1388.5483892805569 2880.888902032907 1908.0142904184013],[2458.23046875 1733.666748046875 2638.455322265625 1822.63916015625],0.648010135,AF65JKV,0.733091299
655,133,[2223.5280238167384 1392.998705921354 2882.052219073528 1914.148525317276],[2459.192138671875 1738.7252197265625 2641.8857421875 1820.6165771484375],0.57805115,AF65JKV,0.390762976
658,133,[2227.164876269718 1408.0643039719653 2892.4982497897486 1933.0035567578484],[2456.10400390625 1753.4857177734375 2658.5380859375 1844.6378173828125],0.535645902,AF65JKV,0.490227602
659,133,[2228.6597721468283 1412.5995188073875 2895.173931247226 1938.7332616060608],[2463.94921875 1764.5108642578125 2654.60888671875 1850.1947021484375],0.526522517,AF65JKV,0.295963094
660,133,[2231.375506201638 1417.7560585162566 2900.394055572194 1944.9003976419738],[2462.415283203125 1771.5457763671875 2668.160400390625 1855.8695068359375],0.426686883,AF65JKV,0.508808108
661,133,[2231.7262130681665 1421.458471740968 2902.7895026482756 1948.708568843107],[2465.672607421875 1770.9239501953125 2670.369140625 1860.7554931640625],0.383688658,AF65JKV,0.645830747
662,133,[2231.853364196433 1425.017072357053 2903.953133895172 1954.517268652169],[2469.26318359375 1778.0687255859375 2668.3193359375 1866.2398681640625],0.584289432,AF65JKV,0.749886688
663,133,[2231.8285182690497 1430.8586056803044 2905.7765726326243 1962.3054810679876],[2470.8447265625 1780.0213623046875 2669.6728515625 1871.0584716796875],0.617854953,AR65JKV,0.47044814
664,133,[2231.2707919908057 1434.1341410373182 2906.451923740188 1966.8948559246353],[2473.342529296875 1786.341064453125 2675.18701171875 1874.3583984375],0.614038765,AF65JKV,0.28145292
665,133,[2232.563014119877 1439.7367145134967 2909.8520135771223 1973.2002358108984],[2484.905517578125 1784.9732666015625 2674.22412109375 1877.0093994140625],0.291229218,AR65JKY,0.477231531
666,133,[2234.8259828191294 1445.7687733824491 2912.5732739918803 1979.9755620422238],[2481.6435546875 1796.9805908203125 2675.8134765625 1896.5863037109375],0.65191555,AF65JKV,0.232547611
668,133,[2237.2122039696824 1454.6393670222828 2918.353669345036 1990.5310859146489],[2485.57958984375 1809.684814453125 2676.967529296875 1900.17626953125],0.558597386,AF65JKV,0.407213389
669,133,[2238.6094408013446 1459.3402773893713 2922.207973231864 1997.2456410516888],[2479.69482421875 1817.2159423828125 2687.27197265625 1905.3306884765625],0.445195287,AF65JKV,0.759888152
669,187,[2258.1489658273986 1022.2293760067022 2712.8608938112448 1418.775488701609],[2410.8671875 1268.8314208984375 2544.43994140625 1343.831787109375],0.318493515,GJ06EPO,0.387268987
670,133,[2238.5751350817613 1462.9251136258274 2924.034110903112 2002.131762271478],[2487.3525390625 1821.0318603515625 2686.68701171875 1912.0078125],0.583453715,AF65JKV,0.271293734
671,133,[2239.6851733147078 1468.749008487772 2926.597658644845 2009.647525094574],[2482.11083984375 1826.663818359375 2685.107421875 1916.7615966796875],0.648018837,AF65JKV,0.683177736
672,133,[2240.6675861715853 1473.7093235560749 2929.3466883619035 2016.6574800361561],[2490.9990234375 1836.8199462890625 2694.7529296875 1927.7398681640625],0.627586663,AF65JKV,0.542013845
673,133,[2241.5075128488575 1477.0042621976052 2932.7406178373417 2021.8270729328435],[2480.23779296875 1835.3968505859375 2689.93896484375 1927.547607421875],0.655539334,OF65JKV,0.237661172
674,133,[2242.1744871206843 1481.256645906214 2934.8675198836295 2028.3015985151478],[2493.547607421875 1848.2340087890625 2699.65234375 1943.0255126953125],0.646181405,AF65JKV,0.169541206
675,133,[2244.1222797356168 1487.3992933478648 2937.9686271066885 2036.202557846484],[2495.7724609375 1854.509033203125 2694.47119140625 1944.28564453125],0.64090693,AF65JKV,0.381181728
676,133,[2244.5424083339476 1492.1027046949207 2940.533795398961 2042.4140643409823],[2494.4345703125 1861.486083984375 2692.677490234375 1948.3623046875],0.629958928,AF65JKV,0.632309828
677,133,[2246.1704527212805 1496.2895381257445 2944.2017191321875 2048.335945929962],[2483.23779296875 1863.3980712890625 2697.7509765625 1955.9593505859375],0.62337327,AF65JKV,0.312455784
677,187,[2256.658045528874 1037.854106494374 2722.6106206517607 1444.0302110828009],[2407.9267578125 1293.13671875 2547.113525390625 1367.93603515625],0.321830988,OJ06EPD,0.255020117
678,133,[2247.506129846209 1503.6927485299898 2946.796087578879 2056.890941067428],[2503.234130859375 1875.6134033203125 2713.338134765625 1967.009033203125],0.657776296,AR65JKV,0.478788804
679,133,[2248.3886287950645 1507.2750556188307 2949.3895662657824 2062.127283220827],[2489.4404296875 1873.9024658203125 2709.611572265625 1967.3770751953125],0.665368915,AF65JKV,0.289492449
681,133,[2253.693599091868 1518.2327651873816 2957.7123830254227 2076.1458815278147],[2500.64892578125 1885.6629638671875 2719.76904296875 1984.9573974609375],0.601710141,AR65JKV,0.192999356
682,133,[2255.5560717236067 1522.3886352819736 2961.5672726115863 2081.7666942094493],[2510.68212890625 1893.9931640625 2721.03662109375 1988.82861328125],0.650936782,AF65JKV,0.316753945
683,133,[2255.8320490473234 1528.1307400726382 2964.308101709229 2089.7949186733026],[2500.10791015625 1901.59130859375 2728.46142578125 1996.005615234375],0.639441907,AR65JKV,0.483743599
684,133,[2256.3180376630817 1535.1166906461076 2967.377059068236 2099.4556436103153],[2513.24951171875 1907.72900390625 2724.31005859375 2003.513671875],0.67225039,AF65JRV,0.265868042
684,187,[2259.7073576734088 1054.167303981523 2729.868122917485 1465.5379337700072],[2425.209716796875 1311.7066650390625 2559.119873046875 1385.38525390625],0.373000234,DJ06EPO,0.148059342
685,133,[2257.6306882681038 1538.6256277897974 2971.0125188694583 2105.3120830509934],[2503.49072265625 1910.8626708984375 2727.1064453125 2007.947021484375],0.672550797,AR65JKV,0.349120456
686,133,[2259.325319048998 1544.6623623775026 2974.976942513335 2113.6449687595],[2512.639892578125 1921.5260009765625 2723.5146484375 2017.4696044921875],0.689244807,AF65JKV,0.89328374
687,133,[2259.895681642393 1551.5924760773623 2976.939909411109 2122.6175876029934],[2514.28173828125 1924.9910888671875 2729.01025390625 2024.3507080078125],0.686475575,AR65JKV,0.201527668
688,133,[2260.7488332071175 1555.5043265529116 2979.5607062549257 2127.6537345524916],[2522.41796875 1931.11083984375 2731.33837890625 2026.803955078125],0.669084251,NF65JKV,0.116883523
689,133,[2261.2792817543555 1562.0791280585513 2981.455608305256 2136.1572561433554],[2521.328125 1932.07177734375 2742.471923828125 2038.043701171875],0.679917157,AF65JKV,0.265214748
690,133,[2264.1760707305853 1567.7841861903962 2986.6768089169377 2143.19932360351],[2519.835205078125 1943.8802490234375 2736.851806640625 2041.1099853515625],0.693614244,AF65JKV,0.432857931
691,133,[2265.4847457538167 1570.9230695722363 2990.3235578813824 2147.5940465247654],[2522.429443359375 1950.763427734375 2742.42919921875 2048.1923828125],0.703921258,AR65JKV,0.121331333
692,133,[2266.224771740364 1574.9811684350484 2993.432906070732 2151.436294029198],[2514.7431640625 1956.3123779296875 2745.68994140625 2054.502685546875],0.687043846,AR65JKV,0.318421514
694,133,[2269.4351060162676 1583.4235432659475 3000.444081987665 2155.9236086575947],[2520.714111328125 1964.8099365234375 2744.914306640625 2065.9912109375],0.696743488,AF65JKV,0.185321949
695,133,[2270.4582732972563 1588.649978840468 3002.4331960607065 2157.516761909605],[2537.65966796875 1974.52685546875 2750.060546875 2071.794921875],0.722247005,AF65JKV,0.519018858
696,133,[2271.2612064305836 1593.614076162182 3004.338995016708 2158.440129464102],[2534.0439453125 1988.363037109375 2748.359619140625 2091.934326171875],0.695685148,AF65JKV,0.14489616
697,187,[2267.8000530739155 1086.383930894663 2752.519407414279 1508.2541326336736],[2433.96142578125 1345.331298828125 2567.093505859375 1418.55419921875],0.341510206,OJ06EPD,0.412237591
698,133,[2271.9511750070033 1604.0017282187716 3009.7461152548794 2158.8994364004393],[2539.9208984375 1990.28173828125 2761.724609375 2097.358154296875],0.694915652,NR65JKY,0.24666812
699,187,[2267.9890653037837 1090.781809670815 2755.936389081665 1515.925721409131],[2424.749267578125 1352.81787109375 2578.05322265625 1434.3203125],0.461583406,GJ06EPD,0.665143071
700,133,[2275.436062510874 1614.8285653650896 3019.7979016305744 2159.482653751013],[2538.126708984375 2014.608642578125 2760.747802734375 2110.126220703125],0.683990121,AR65JKV,0.382153668
702,133,[2277.6818067024738 1624.6775220643658 3025.5826384291818 2157.313653302408],[2532.02294921875 2025.170166015625 2772.08544921875 2129.685546875],0.682456195,AF65JKV,0.191490641
702,187,[2265.5120543649527 1098.0264654697264 2761.776695213047 1527.2543432722011],[2425.950439453125 1361.4407958984375 2587.067138671875 1441.195068359375],0.466284961,CJ06ERD,0.473543013
703,133,[2278.3701631487115 1629.6611624328127 3028.949783025538 2156.1340100973302],[2540.5146484375 2028.049560546875 2773.423095703125 2133.84326171875],0.677877724,KF65JKV,0.227817155
703,187,[2261.550424432447 1100.1239524226016 2761.7041102865073 1530.6508180573742],[2427.77587890625 1360.9046630859375 2586.74609375 1444.1531982421875],0.518048584,GJ06EPD,0.176214337
705,187,[2257.7901702620734 1108.2034999266814 2763.2601608456266 1537.5422178457445],[2438.0517578125 1367.536865234375 2570.3544921875 1444.0654296875],0.334775239,IJ06EPC,0.317623805
706,133,[2280.1721093043407 1648.2048525456391 3037.7303281528384 2156.69942750106],[2541.7802734375 2054.9677734375 2777.41748046875 2149.66845703125],0.682516277,AF65JKV,0.495266105
706,187,[2256.9696834651036 1110.2159015691918 2763.096701514904 1539.592430746418],[2428.5517578125 1372.3238525390625 2586.66455078125 1459.091064453125],0.468332976,LJ06EPD,0.254722165
707,133,[2281.3418896081253 1654.9950785247881 3041.266220503668 2157.0726749063565],[2548.95068359375 2063.117919921875 2776.059814453125 2156.7138671875],0.704936385,AF65JKV,0.187654041
708,187,[2259.748343343398 1115.4372311984737 2767.750302182627 1546.5481422788032],[2428.96337890625 1385.507568359375 2592.30078125 1464.1937255859375],0.543146312,OJ06EPD,0.328326478
709,187,[2260.943376064724 1117.4059945704034 2769.5407886432 1549.0826904782134],[2433.136474609375 1385.425048828125 2591.061279296875 1463.67822265625],0.572122931,OJ06EPD,0.319957026
710,187,[2262.443629632547 1119.1754950543404 2771.2681644244826 1552.5363465704477],[2429.4501953125 1388.54931640625 2592.187255859375 1468.39208984375],0.495972216,GJ06EPD,0.37905533
711,187,[2261.924357890107 1122.8595179413096 2773.3160145530355 1557.2155187697526],[2445.85595703125 1392.70556640625 2595.42822265625 1476.0816650390625],0.576824367,GJ06EPD,0.220681321
713,187,[2259.3361982795655 1128.2757786322288 2775.0437566597825 1564.8488853961182],[2451.009521484375 1393.80126953125 2595.788818359375 1482.2255859375],0.570076585,GJ06EPD,0.826660273
714,187,[2260.6694887746426 1132.5371754416435 2778.3834473464394 1569.5761369472236],[2444.104248046875 1406.1075439453125 2597.0068359375 1486.2930908203125],0.599738836,GJ06EPD,0.337558732
715,187,[2260.6689764640255 1135.7447272851034 2780.6105422065025 1573.2422381216359],[2440.4580078125 1406.922119140625 2595.833984375 1488.454345703125],0.60557723,GJ06EPD,0.319766144
716,187,[2260.591312713738 1139.037907579755 2782.996214088332 1577.1982362300264],[2443.686279296875 1408.044189453125 2592.698974609375 1484.519287109375],0.582271397,GJ06EPD,0.322349034
717,187,[2262.0215570180417 1142.1904784622816 2787.126213884566 1581.5328093032135],[2449.36083984375 1411.27880859375 2598.028564453125 1492.805908203125],0.55796808,GJ06EPD,0.499326963
718,187,[2262.5062084795504 1144.325866133242 2790.460232149581 1584.6102984160311],[2449.85546875 1411.385986328125 2594.22998046875 1494.6170654296875],0.530596614,OJ06EPD,0.25647644
720,187,[2262.54371627619 1151.758933692646 2794.6233436749517 1592.5775885039427],[2448.708984375 1421.40478515625 2612.865234375 1509.3797607421875],0.58521688,GJ06EPO,0.49682407
722,187,[2262.483576315678 1156.3700177404023 2796.5331297710263 1598.9338909678634],[2448.67919921875 1434.2430419921875 2613.30859375 1510.699951171875],0.585250735,GJ06EPO,0.317568731
724,187,[2263.906939178309 1162.6509731885055 2798.2649221556544 1608.2957169252288],[2451.5419921875 1443.256103515625 2606.1181640625 1515.32177734375],0.503029764,GJ06EPD,0.689825309
726,187,[2263.0146314321514 1167.4621439250354 2799.6892381500543 1615.888913705966],[2463.03125 1441.532470703125 2610.462158203125 1527.121337890625],0.548395276,GJ06EPD,0.347178271
729,228,[862.0795276081928 1444.5028568465104 1553.8569781893755 2000.0544403162808],[1099.93017578125 1864.962158203125 1288.902099609375 1949.1298828125],0.596424878,KH06KSU,0.329319492
729,187,[2265.845970309028 1176.3957617888059 2805.801887138868 1628.0061427773253],[2455.20361328125 1452.8001708984375 2618.83984375 1538.8070068359375],0.565270364,GJ06EPO,0.14243176
730,187,[2266.368605206456 1178.5811521676733 2806.9731835809225 1630.9314451020891],[2460.99560546875 1456.64306640625 2620.941162109375 1540.246337890625],0.523799777,GJ06EPD,0.265873707
731,187,[2267.283457416964 1180.2652647875123 2810.5874733769274 1634.3177432965656],[2469.697998046875 1465.847900390625 2623.856689453125 1547.726806640625],0.467450947,GJ06EPD,0.648836301
732,187,[2267.160009745048 1183.2675910426458 2812.191873558982 1638.7991202671885],[2470.79931640625 1473.186767578125 2620.163330078125 1553.06689453125],0.404787958,GJ06EPD,0.587652258
733,187,[2266.6165336530125 1185.281822460333 2812.722402682792 1641.8677097942632],[2468.725830078125 1468.40478515625 2630.526611328125 1555.9434814453125],0.470146,GJ06EPO,0.243973335
734,228,[849.1139205204389 1468.6567730530364 1548.7321215945517 2032.7124198451233],[1098.7177734375 1894.459716796875 1288.0770263671875 1991.063232421875],0.594005346,KH06RSU,0.578422713
734,187,[2266.9105142906337 1188.5672002582585 2815.319403200845 1646.6433930139167],[2460.096923828125 1478.9168701171875 2627.567626953125 1556.4957275390625],0.462070048,GJ06EPO,0.414712963
735,187,[2268.608435041791 1193.5350835663735 2818.6823278936995 1652.327428949991],[2466.705810546875 1482.9085693359375 2625.744384765625 1560.73974609375],0.506642699,GJ06EPD,0.417155157
737,187,[2268.499193149861 1199.4796474671648 2821.615921270574 1660.8482148211533],[2480.9951171875 1491.110595703125 2639.475341796875 1567.090576171875],0.510515094,IJ06EPD,0.112023413
739,228,[832.6728637397903 1496.0781941685527 1544.471632208589 2067.7511201643033],[1076.5242919921875 1926.4801025390625 1280.9051513671875 2018.1448974609375],0.674029946,KH06KSU,0.531967025
740,228,[831.4300401551731 1501.7391119904278 1544.1067435360792 2075.1717643379743],[1063.320556640625 1929.792724609375 1273.5340576171875 2025.34814453125],0.643777788,KH06KSU,0.452218697
741,187,[2272.448919046624 1214.585311131452 2828.213754869603 1679.525260213942],[2474.54443359375 1503.8609619140625 2638.357177734375 1585.7947998046875],0.57796067,IJ06EPD,0.566052116
742,187,[2272.8868152714053 1216.810394784929 2829.2167814292875 1682.7668199444906],[2475.157470703125 1504.968017578125 2630.6533203125 1586.0035400390625],0.581609249,IJ06EPD,0.30876749
743,187,[2273.567939202557 1219.6837922497941 2831.604199283312 1686.8549906678015],[2472.83984375 1514.08984375 2637.91943359375 1600.087158203125],0.580354393,GJ06EPD,0.178775438
744,187,[2273.6549785999932 1224.3931936888062 2832.8102149568813 1691.872863695904],[2472.214111328125 1519.2081298828125 2637.603271484375 1604.21044921875],0.578727663,GJ06EPD,0.319834833
746,136,[1034.1074221330502 1137.9635343519644 1595.7385748917707 1597.0367216044792],[1233.96337890625 1415.5118408203125 1401.83447265625 1514.6982421875],0.473701417,LN15ZZC,0.171497701
747,187,[2274.908974791896 1235.2219139823171 2837.796073108858 1705.477260491932],[2471.501220703125 1530.494384765625 2646.7666015625 1610.31591796875],0.549146712,GJ06EPD,0.677058933
747,136,[1032.1531716266018 1141.7652799034522 1594.9513197600177 1600.7973615462502],[1238.8648681640625 1420.65283203125 1398.9217529296875 1514.845703125],0.414314866,LM15ZZC,0.412255093
748,228,[807.3481847940814 1543.1861597317402 1537.0247549766111 2129.212290808244],[1054.859130859375 1980.6845703125 1255.54052734375 2079.2421875],0.603173554,KH06KSU,0.340761682
748,187,[2275.6409792910276 1237.8614394775202 2839.161205382247 1709.3461653428042],[2476.730712890625 1530.749267578125 2641.305908203125 1611.802734375],0.568462849,GJ06EPD,0.125112778
749,136,[1028.1397814345098 1147.6153855814764 1591.3297496010362 1606.1315957266324],[1240.8486328125 1431.19482421875 1397.05029296875 1515.95947265625],0.349953383,LM15ZZC,0.228255193
751,136,[1025.158829145857 1149.5343851446814 1589.0350690631217 1614.2444328723186],[1244.195068359375 1439.902099609375 1397.319580078125 1524.639892578125],0.323138624,LW15ZZC,0.128526279
752,228,[794.6877967680857 1562.7364716724808 1533.770227374976 2151.5125646327797],[1044.18701171875 2010.1871337890625 1260.764404296875 2105.587646484375],0.664848506,KK06KSU,0.3154899
752,187,[2281.2098800778 1251.4170615792773 2845.2058847061667 1726.505458859407],[2477.986083984375 1548.3175048828125 2645.868896484375 1631.1866455078125],0.636005461,GJ06EPD,0.510435461
752,136,[1023.1759679645658 1152.7464388693788 1588.3884253567667 1619.6378359625887],[1231.361328125 1441.81005859375 1395.509521484375 1534.130615234375],0.400234401,LW15ZZC,0.122206271
753,228,[791.741665335545 1567.5306848963019 1532.018695649263 2155.218186081282],[1039.42333984375 2019.0823974609375 1252.818115234375 2121.919921875],0.683427274,KH06KSU,0.4336557
753,187,[2282.896198417873 1254.1631896665524 2847.7426155826006 1730.7078099011853],[2483.33154296875 1550.7183837890625 2648.544921875 1635.6800537109375],0.563056111,GJ06EPO,0.502137479
754,228,[788.592927267933 1570.460757476215 1530.9326051836008 2156.1336391870523],[1045.521240234375 2017.22021484375 1249.29541015625 2116.7431640625],0.675778806,KH06KSU,0.168237694
754,187,[2283.4024733945935 1257.1245233260045 2849.4278177420056 1734.8799498689393],[2483.781005859375 1551.4866943359375 2647.48095703125 1638.0457763671875],0.61670661,GJ06EPD,0.283121291
755,187,[2282.647857980122 1260.0668193053025 2849.990324684238 1739.6246835807738],[2485.4873046875 1561.410400390625 2658.265625 1646.648681640625],0.547466695,GJ06EPD,0.372680043
756,228,[782.994873503952 1580.7956710604435 1529.0903465257848 2157.8077620607537],[1028.4627685546875 2041.593017578125 1244.74658203125 2146.039306640625],0.691196799,KH06KSU,0.164415014
756,187,[2282.4200772099666 1263.4738298518703 2851.05020823033 1744.573019626003],[2490.167236328125 1567.1641845703125 2663.92578125 1651.6600341796875],0.580372691,GJ06EPD,0.26575118
758,228,[780.2421246970735 1590.446265027745 1528.9333880902032 2157.4828624631796],[1031.0533447265625 2054.5341796875 1247.399169921875 2154.566162109375],0.685685873,KH06KSU,0.440712903
758,187,[2282.8299938761047 1269.1352095218936 2855.403011252499 1752.9509785031419],[2491.401123046875 1578.4119873046875 2654.7861328125 1655.5177001953125],0.526655674,GJ06EPD,0.432474143
759,187,[2283.761257140208 1272.8233862288794 2858.4027479852975 1758.615280238308],[2493.04296875 1588.1561279296875 2649.938232421875 1658.9952392578125],0.544598222,OJ06EPD,0.337900115
760,187,[2284.78953233688 1275.5629627116703 2861.215739794891 1763.321601085045],[2500.196044921875 1589.5579833984375 2657.84619140625 1662.9638671875],0.545336783,GJ06EPD,0.522200383
764,187,[2284.5700746864877 1290.0293279121797 2869.3425347624943 1782.1306102126478],[2493.446044921875 1596.4932861328125 2664.76318359375 1681.6226806640625],0.607559025,GJ06EPD,0.28517772
765,187,[2284.648201768486 1294.767120172843 2871.302250500096 1787.4198743689635],[2493.81787109375 1601.975830078125 2667.0390625 1692.88623046875],0.629121482,GJ06EPD,0.782560809
765,136,[987.66110030312 1196.2578630319686 1579.488236852077 1675.1849496071673],[1193.4072265625 1496.3675537109375 1371.4705810546875 1579.1641845703125],0.56368643,LA15ZZC,0.237681508
766,187,[2284.4526789807373 1298.3452230366079 2872.1038894938233 1791.214537235931],[2495.1669921875 1607.7784423828125 2669.2275390625 1696.1473388671875],0.618685484,GJ06EPD,0.519055977
767,187,[2285.861045991517 1302.4513939504595 2875.1451845367183 1796.4170093166617],[2495.755615234375 1609.019775390625 2673.302978515625 1698.50634765625],0.620257616,GJ06EPO,0.329088347
768,187,[2286.1061909014356 1307.194338792069 2876.6826712114275 1802.0459931523649],[2492.66650390625 1618.9691162109375 2671.2607421875 1698.8507080078125],0.505469561,GJ05EPD,0.186315171
770,187,[2286.10674724669 1313.5722328137845 2879.417177280519 1811.0458737170397],[2500.68701171875 1630.875732421875 2665.6533203125 1709.98828125],0.622226238,GJ05EPD,0.502738771
771,187,[2286.3898657671 1320.1396175997531 2881.092255031834 1817.8261842994254],[2499.5810546875 1635.732666015625 2671.3720703125 1719.579833984375],0.633366466,GJ06EPD,0.527729818
772,187,[2285.972653624706 1322.8308909840257 2881.7103543396274 1821.7330316776715],[2502.108642578125 1633.2529296875 2675.670166015625 1722.994384765625],0.666807711,TJ06EPD,0.200233222
773,136,[969.1016219946267 1221.5271656841765 1581.2419048539891 1710.4619458492216],[1190.6912841796875 1527.52392578125 1351.4066162109375 1613.354248046875],0.610805809,LM15ZZC,0.150307442
774,136,[967.7727775562553 1224.6678305159464 1582.7872591819541 1715.2887437001366],[1193.352783203125 1537.542724609375 1351.124755859375 1621.797119140625],0.622538209,LM15ZZC,0.210025624
775,187,[2286.2860382116146 1333.645739525115 2885.6559749858657 1837.1227014878405],[2501.802978515625 1647.107666015625 2678.68115234375 1733.994873046875],0.639424562,GJ06EPD,0.423377082
776,136,[962.7335021402216 1232.5668107113822 1580.5803289019993 1724.3193853740638],[1174.50146484375 1538.470458984375 1349.4649658203125 1628.530517578125],0.65967989,LU15ZZC,0.211675333
776,187,[2286.6950836329943 1338.598392877777 2887.6262294356566 1843.0775270163679],[2507.246337890625 1658.529052734375 2685.514892578125 1744.08984375],0.577569127,TJ06EPD,0.676628215
777,136,[960.2511017491943 1240.0673126553825 1579.9746308559352 1731.2612866219943],[1178.8897705078125 1547.298095703125 1349.113037109375 1632.647705078125],0.625360131,LW15ZZC,0.307523807
778,136,[957.923597110404 1244.9185508463365 1580.0678370274354 1735.7972985933907],[1173.532958984375 1548.77197265625 1345.375732421875 1633.53076171875],0.619628847,LM15ZZC,0.094208479
778,187,[2287.773293054085 1345.8413284737182 2891.220728045969 1853.4662665884846],[2509.213623046875 1671.3896484375 2684.578125 1747.93212890625],0.553581655,GJ06EPD,0.559402224
779,136,[954.8427956838148 1247.1729586323352 1577.9564415536663 1738.7439622790255],[1171.9910888671875 1550.2177734375 1350.278564453125 1644.56103515625],0.625015795,LA15ZZC,0.134678076
779,187,[2287.513848664239 1350.5275547247395 2892.4910532687527 1859.7299865161951],[2510.2392578125 1676.508544921875 2686.3056640625 1753.7779541015625],0.624329746,GJ06EPD,0.301910164
780,187,[2286.9273945913624 1356.0254538802421 2893.761728126818 1866.8831294670192],[2513.81640625 1684.4293212890625 2686.490966796875 1764.2977294921875],0.656780362,GJ06EPO,0.526801772
781,187,[2286.3809484205294 1358.8514126958812 2895.0407356887936 1870.9425911883013],[2512.8271484375 1683.9488525390625 2686.968017578125 1769.6158447265625],0.66503334,GJ06EPD,0.282657357
782,136,[946.3942116383922 1255.315457210264 1576.1917567969986 1749.868756068679],[1153.5301513671875 1575.9437255859375 1340.561767578125 1656.264404296875],0.584762633,LN15ZZC,0.43557667
784,187,[2286.1767366557956 1371.8414944022984 2900.792148514461 1888.3732403790532],[2503.556640625 1695.1439208984375 2686.00390625 1783.2901611328125],0.662164629,GJ06EPD,0.551798596
785,187,[2285.96456422624 1376.3324494079934 2903.0525953376778 1894.9669570385581],[2507.943359375 1706.2459716796875 2685.394287109375 1797.6214599609375],0.63484621,LJ06EPD,0.143863475
787,187,[2285.7955589408925 1386.5752739503794 2906.7050031432304 1906.8307647987701],[2507.9814453125 1716.2080078125 2689.9111328125 1801.9251708984375],0.596765995,GJ05EPD,0.324380206
788,187,[2285.8127312828424 1392.3820813699788 2907.8094461539044 1913.7659059978394],[2513.46142578125 1725.9356689453125 2693.83837890625 1804.414306640625],0.62856704,OJ06EPD,0.319358109
789,187,[2286.344824207762 1398.7413433436561 2909.7892810946396 1920.809461885918],[2513.3017578125 1730.8524169921875 2694.781005859375 1817.4869384765625],0.667796254,GJ06EPD,0.488493576
789,136,[921.9398218131489 1281.2043007680295 1564.0223533452433 1790.258926912421],[1150.81103515625 1605.094970703125 1324.29443359375 1696.587646484375],0.596230209,LU15ZZC,0.231260774
793,136,[908.3273206066463 1296.743451741211 1561.3277469767438 1811.2868555538296],[1143.8489990234375 1626.30615234375 1316.552978515625 1712.65869140625],0.655619442,LH15ZZC,0.231660881
794,136,[903.9291688651817 1301.7242386801013 1560.014785303804 1817.3624175690607],[1135.8175048828125 1633.7493896484375 1305.599853515625 1716.8946533203125],0.631263137,LN15ZZC,0.498013437
795,136,[900.3911049191706 1305.822536923052 1560.6083970141804 1823.566401581066],[1128.36474609375 1635.848388671875 1303.667724609375 1725.39501953125],0.678512752,LN15ZZC,0.203142278
796,136,[896.4034433360843 1308.6048239591773 1559.9890773321554 1828.1230179047452],[1127.171142578125 1639.897705078125 1299.661865234375 1726.6966552734375],0.655578971,LN15ZZC,0.602093279
797,136,[893.6493281665655 1314.7012661380459 1559.8228965386118 1835.677880709472],[1128.363525390625 1645.5985107421875 1300.619384765625 1733.1983642578125],0.653520465,LM15ZZC,0.695337081
800,136,[884.0328656656478 1328.0647091481303 1552.8972998874683 1849.7024952280824],[1109.8182373046875 1662.997802734375 1295.693359375 1754.8115234375],0.603458166,LA15ZZC,0.185770176
801,136,[876.1014811805417 1334.2020564215081 1542.4496138653212 1856.4268244108985],[1109.6451416015625 1676.8125 1292.988525390625 1759.3399658203125],0.612712085,LH15ZZC,0.214654477
803,187,[2284.8763929750626 1463.7420682969869 2931.368213738015 2006.4359939716765],[2523.54150390625 1806.6778564453125 2710.666015625 1895.8128662109375],0.535094619,GJ06EPD,0.553929421
804,187,[2284.646374904553 1469.6612733790048 2932.355273073587 2013.7878817173114],[2513.92138671875 1815.58154296875 2711.871826171875 1904.4217529296875],0.623016775,GJ06EPD,0.764934021
805,136,[865.3124518313333 1351.8296165889255 1540.434884096373 1879.9523362240316],[1103.453857421875 1687.094482421875 1278.553466796875 1776.192138671875],0.647980332,LM15ZZC,0.193698641
805,187,[2284.6189006220006 1472.55955784354 2933.1821566437216 2018.6110241326946],[2520.888671875 1821.719970703125 2714.369140625 1910.58251953125],0.639558196,GJ06EPD,0.403013367
806,187,[2285.4845204540798 1478.4308837351668 2935.5857675683274 2025.825643174665],[2518.817138671875 1826.170166015625 2703.939453125 1915.004150390625],0.673489332,GJ06EPD,0.461523889
806,136,[860.247625352521 1355.4276893274737 1536.9074185426612 1885.5495753519117],[1092.17041015625 1693.060546875 1280.62158203125 1783.012939453125],0.667117178,LM15ZZC,0.411219613
808,136,[852.3727961458932 1362.1764808559965 1530.5333330042972 1896.6984326737065],[1094.30224609375 1703.9945068359375 1275.9365234375 1796.3360595703125],0.632378221,LN15ZZC,0.358746837
809,187,[2287.099809715813 1494.8321242671298 2942.473425547047 2046.0275574648297],[2517.61767578125 1841.09716796875 2720.9306640625 1939.609375],0.654421926,GJ06EPD,0.731822555
809,136,[848.0178597790133 1367.17053048364 1526.2748626963503 1903.5929180157405],[1089.545166015625 1704.240966796875 1277.0323486328125 1799.50927734375],0.633655608,LM15ZZC,0.293593295
810,136,[843.5521048685495 1372.684355127788 1523.3589133540327 1911.2639593066392],[1080.5458984375 1721.770751953125 1269.65380859375 1806.572021484375],0.640891194,LU15ZZC,0.429456552
810,187,[2287.5829824379666 1500.2552199898266 2945.254870852488 2052.8101195631834],[2517.9306640625 1848.5548095703125 2721.744873046875 1943.2232666015625],0.632959962,GJ06EPD,0.636842074
811,136,[841.5621729925656 1375.8827481164392 1522.6294575229354 1916.1478026307625],[1081.068359375 1721.3397216796875 1268.08203125 1808.50048828125],0.648508728,LM15ZZC,0.424625951
811,187,[2286.9933473724022 1505.5072198622097 2946.032543959739 2059.2123393518773],[2520.72607421875 1858.3062744140625 2722.68408203125 1948.5487060546875],0.62379235,GJ06EPD,0.55114881
812,187,[2286.825799473047 1512.586821555662 2946.7717035950523 2067.8190486392286],[2522.0283203125 1867.06201171875 2720.30322265625 1958.0654296875],0.672030151,GJ06EPD,0.599119178
813,136,[833.9364492741836 1386.8109330051147 1522.4877417804707 1930.0407020531247],[1078.362548828125 1731.769775390625 1254.6885986328125 1819.235595703125],0.665740252,LM15ZZC,0.902468856
813,187,[2286.3502229425662 1519.2954594141843 2947.648566725427 2075.57608621833],[2532.03173828125 1874.9747314453125 2714.93798828125 1960.738037109375],0.632390559,GJ06EPD,0.483494161
814,187,[2286.7407155096457 1523.2239989811228 2949.6143713355746 2080.8450179958654],[2526.7138671875 1877.877685546875 2711.43212890625 1967.34521484375],0.667975366,GJ06EPD,0.359231617
815,187,[2286.64224783132 1527.1265882185771 2951.622667340945 2087.199282349523],[2538.6279296875 1883.556640625 2714.13671875 1974.212158203125],0.622004509,GJ06EPD,0.733803563
816,187,[2286.7256411202206 1534.0837972764377 2954.604637525239 2095.502372081709],[2530.029296875 1895.633056640625 2722.8701171875 1986.4237060546875],0.613860607,GJ06EPD,0.592310487
817,187,[2285.819634819572 1539.0280757745988 2956.2125651699794 2101.2390604174598],[2531.92724609375 1894.3583984375 2723.9287109375 1988.755859375],0.638545692,GJ06EPD,0.466578408
818,136,[812.9862644258312 1407.3488408761405 1510.8042469665086 1957.2894120485848],[1049.2803955078125 1758.5950927734375 1246.297607421875 1849.573974609375],0.633116603,LW15ZZC,0.257483956
819,187,[2286.473012660982 1550.8530167154527 2963.454539458401 2116.284524320679],[2527.16748046875 1911.1593017578125 2735.33203125 2007.0772705078125],0.67457366,GJ06EPD,0.365322744
819,136,[808.9194867206195 1413.6096614394955 1509.317271700628 1964.710930832915],[1056.431640625 1772.072998046875 1247.35791015625 1858.8330078125],0.623503566,LM15ZZC,0.122234053
820,187,[2285.934957607419 1554.8249643899994 2965.8415722141917 2121.8692203295745],[2532.9931640625 1920.233642578125 2733.39306640625 2010.2958984375],0.664335132,CJ06EPD,0.507778867
820,136,[805.5107521437591 1416.9987698105642 1507.3821151066836 1970.7200699930663],[1047.080810546875 1771.7376708984375 1247.36376953125 1863.9598388671875],0.631360412,LM15ZZC,0.447939239
821,136,[800.8473172370716 1422.4618913805189 1505.4123374107533 1977.8623658508436],[1048.017578125 1776.763671875 1238.223388671875 1871.3515625],0.690919042,LN15ZZC,0.433571833
821,187,[2285.686076864101 1561.6927484097414 2967.5394595995876 2129.018087460426],[2527.54248046875 1922.9073486328125 2726.09130859375 2014.5098876953125],0.676480889,GJ06EPD,0.432697043
822,136,[796.892669712144 1429.41678230004 1505.8878749088956 1986.5259667927774],[1042.1611328125 1781.27392578125 1234.484130859375 1875.616455078125],0.671151578,LN15ZZC,0.88842085
822,268,[2291.445357002295 1178.8707721505407 2853.6928644889094 1601.936593298948],[2501.602294921875 1451.890380859375 2640.5947265625 1535.75634765625],0.39660275,OA07CLI,0.310607326
823,136,[794.5249324105241 1433.1126475623903 1506.2363133103966 1991.4298124425302],[1047.90771484375 1784.4755859375 1233.578369140625 1880.7528076171875],0.680035055,LN15ZZC,0.3384601
823,187,[2287.1437537303304 1573.3689729006041 2971.2410872466694 2142.8371159063927],[2531.665771484375 1933.7369384765625 2736.467041015625 2029.6131591796875],0.626895607,GJ06EPD,0.326901383
823,268,[2292.018091306363 1181.6115924521237 2855.480516593939 1605.3107773754446],[2498.27099609375 1452.377197265625 2642.71630859375 1533.5390625],0.384259582,DA07CLI,0.147181341
824,136,[790.584670510092 1438.4233869491268 1503.7466568406471 1998.040003364415],[1032.7672119140625 1793.09326171875 1233.2666015625 1893.299560546875],0.675803721,LN15ZZC,0.526724876
825,136,[783.1504633389368 1444.2940284859378 1495.8224075406915 2005.3927219230277],[1032.2711181640625 1796.972900390625 1230.9669189453125 1895.46826171875],0.663965642,LN15ZZC,0.252921151
825,187,[2288.801397899965 1584.5003977710169 2976.6397698362416 2153.9583547331968],[2539.412841796875 1959.13623046875 2742.51904296875 2041.4560546875],0.57138294,GJ06EPD,0.421203264
827,187,[2288.0584848671006 1593.4419007841689 2979.1506099575354 2158.7358221042327],[2540.200927734375 1965.1695556640625 2744.285888671875 2057.321044921875],0.685757935,GJ06EPD,0.490142259
828,187,[2288.166002307155 1598.176498993222 2980.8743110400687 2160.089359207588],[2543.34326171875 1972.68896484375 2742.80859375 2067.044677734375],0.721420527,GJ06EPD,0.490015632
829,136,[769.0282391805101 1462.410972248339 1494.2026066936176 2029.601274810771],[1021.4547119140625 1826.4635009765625 1208.099365234375 1918.3634033203125],0.687366486,LM15ZZC,0.271865028
830,187,[2289.8980864913287 1606.3596382348715 2986.1495835702285 2159.9863924473107],[2541.9462890625 1989.627197265625 2742.04248046875 2088.963623046875],0.678672493,GJ06EPD,0.682299551
831,187,[2290.134995766271 1613.0377150563847 2989.204179872883 2160.6442526852547],[2539.60302734375 1995.444580078125 2738.3955078125 2089.623779296875],0.670335174,GJ06EPD,0.451642917
832,187,[2289.744869602228 1617.0924487904847 2990.7375665961795 2159.7484557395983],[2539.015869140625 2002.9482421875 2740.168212890625 2096.296142578125],0.687491059,GJ06EPD,0.362973544
832,136,[752.7714553568374 1478.1362676954047 1484.839049072387 2049.4293869976505],[1005.4942626953125 1840.9954833984375 1201.9730224609375 1944.0831298828125],0.655998051,LU15ZZC,0.254001424
833,136,[745.6678258288821 1482.137219831834 1479.931095224275 2054.770416065329],[1001.0696411132812 1852.63916015625 1201.556396484375 1946.15478515625],0.659148753,LM15ZZC,0.676551433
834,187,[2288.2035028310934 1630.0712052699516 2994.2438608853568 2159.8023588484907],[2546.1748046875 2014.0869140625 2754.046875 2110.197509765625],0.703338206,GJ06EPD,0.558650177
834,136,[741.6276870320862 1490.0487687286122 1478.901922685241 2064.5621597962877],[996.4576416015625 1860.878173828125 1199.4879150390625 1958.2459716796875],0.656894088,LN15ZZC,0.559191443
835,187,[2287.336997526625 1635.0730625402903 2995.456091308295 2159.2171252958733],[2542.83837890625 2017.721435546875 2757.01611328125 2114.402587890625],0.709062397,GJ06EPD,0.499051718
836,187,[2287.471292929967 1639.9400394886031 2997.4579153296213 2158.498129639401],[2542.989990234375 2025.84228515625 2754.95947265625 2125.497802734375],0.686578155,GJ06EPO,0.252763383
836,136,[733.6554098992053 1501.213339971202 1474.1057934136172 2078.657046790723],[990.8349609375 1874.51806640625 1190.335693359375 1967.0068359375],0.6625368,LN15ZZC,0.915801438
837,187,[2288.6274442668787 1646.82878994262 3000.415711717437 2158.9236030981483],[2541.385986328125 2033.831298828125 2757.2197265625 2134.0361328125],0.685598016,GJ06EPD,0.416897473
837,136,[728.1764515719067 1506.4732508439993 1469.6055094939068 2085.4515935553527],[980.630859375 1879.6007080078125 1184.144287109375 1975.9383544921875],0.684371591,LM15ZZC,0.41531282
837,268,[2292.179631403814 1231.0158851038013 2875.5782978704747 1669.5159019298171],[2525.390869140625 1512.8192138671875 2664.262451171875 1592.1104736328125],0.352702707,IA07CLI,0.417495305
838,136,[724.0342943152378 1510.0852083457894 1467.6200697883014 2091.2073567646776],[986.6808471679688 1882.17333984375 1185.951171875 1979.70849609375],0.687750816,LN15ZZC,0.223619572
839,187,[2288.4155143241487 1658.289923693552 3003.820049900557 2159.5298982406634],[2553.2490234375 2053.514404296875 2764.6611328125 2150.8349609375],0.691097856,GJ06EPD,0.636883719
839,136,[720.4570707820308 1517.38197797874 1465.5632094000757 2099.95352973438],[978.2385864257812 1890.7093505859375 1182.160888671875 1989.4617919921875],0.671588123,LN15ZZC,0.481601543
839,268,[2293.7752274553673 1238.1530415876107 2879.2197262644236 1679.1606216926946],[2506.12451171875 1529.0185546875 2663.28173828125 1602.54931640625],0.491785765,DA07CLI,0.141436652
840,136,[715.3177234533022 1522.5242241151966 1462.1789921033123 2106.1877425432444],[971.8987426757812 1892.55322265625 1182.88916015625 1997.159912109375],0.670413852,LN15ZZC,0.599692375
840,268,[2292.641338200602 1241.836153043175 2880.0991791021524 1685.162504119581],[2509.486083984375 1536.42626953125 2658.211669921875 1603.68896484375],0.485057056,DA07CLY,0.354951817
841,136,[711.3446857197766 1526.9147094658958 1461.21883041133 2112.282813395881],[968.4285888671875 1903.546875 1173.37451171875 2000.463134765625],0.660645902,LM15ZZC,0.58625487
842,136,[706.6701049800465 1532.771378089032 1458.3018266436204 2119.7704711173205],[965.0033569335938 1912.7720947265625 1175.176513671875 2013.1051025390625],0.682756364,LM15ZZC,0.675873687
842,268,[2291.9561377350014 1248.0790894453714 2882.90668405957 1696.1694148593594],[2506.440673828125 1534.195068359375 2662.560791015625 1610.102294921875],0.534151912,OA07CLY,0.236718901
843,136,[701.9114957826246 1539.1882681007885 1456.5718359216307 2126.6312933596937],[964.3095703125 1921.4403076171875 1161.5357666015625 2014.00634765625],0.661212027,LM15ZZC,0.398925173
844,136,[697.8875262770176 1544.2506670175196 1455.068748418094 2132.4323236509817],[959.9630126953125 1921.957763671875 1161.3984375 2020.4970703125],0.677103817,LN15ZZC,0.43504288
845,136,[692.7637400515673 1549.5606285949818 1452.3934929977613 2138.6558634891485],[958.32958984375 1927.1239013671875 1159.750732421875 2026.7376708984375],0.678964853,LN15ZZC,0.746569277
847,136,[683.1680093089451 1560.015074065949 1447.9472911725927 2148.428550245466],[950.8802490234375 1936.418701171875 1157.8494873046875 2040.7679443359375],0.673530996,LN15ZZC,0.574585681
848,136,[679.1624763795206 1564.621222933713 1445.3618367305212 2151.709958680849],[948.0426635742188 1949.6693115234375 1152.978271484375 2051.218505859375],0.676641405,LN15ZZC,0.426760184
848,268,[2292.551728309529 1266.7899381380912 2890.2920207973516 1727.345899339458],[2518.815673828125 1551.9027099609375 2668.191650390625 1639.0843505859375],0.525057554,OA07CLX,0.369184679
849,136,[675.0048501394267 1570.6530744577387 1443.5598198701136 2155.5331297093226],[938.665771484375 1959.07373046875 1155.6920166015625 2064.2646484375],0.687592924,LN15ZZC,0.511486196
849,268,[2293.1254142781927 1270.1566291159602 2891.9990956000374 1732.4578990259174],[2512.384521484375 1566.781005859375 2670.981201171875 1648.32470703125],0.509195685,DA07CLX,0.515417847
850,268,[2293.2626763846733 1272.4170066573688 2892.9311895996384 1735.788412406303],[2514.399169921875 1569.304443359375 2670.828369140625 1647.47265625],0.582971513,DA07CLX,0.580504534
851,136,[665.8859331250219 1580.0129974386984 1438.218375381895 2158.6365449873415],[935.7130737304688 1973.3404541015625 1141.531982421875 2072.861328125],0.698027432,LN15ZZC,0.226717762
853,136,[656.3312798087034 1589.0671512889776 1430.2958260177268 2159.133555178118],[934.7823486328125 1987.623046875 1140.6015625 2088.311279296875],0.678618789,LM15ZZC,0.417182027
853,268,[2292.664781282702 1282.620249750639 2895.2486770119654 1749.5647861623436],[2509.306640625 1578.719970703125 2676.70751953125 1657.4443359375],0.631692827,DA07CLX,0.253490631
855,136,[648.9730009302953 1601.7605977610356 1427.9951035131662 2160.546638859289],[917.6693115234375 2005.7962646484375 1135.37841796875 2110.36572265625],0.693326533,LN15ZZC,0.456036281
857,136,[641.0875832181912 1612.3583050872714 1424.7867732333614 2159.098034028735],[914.066650390625 2017.480224609375 1129.2156982421875 2119.8193359375],0.726928711,LN15ZZC,0.426483985
857,268,[2292.7496472613816 1295.2667455174162 2903.7044155825683 1766.5046496561288],[2519.6796875 1596.609375 2680.367431640625 1677.561767578125],0.649549961,DA07CLX,0.350654038
858,136,[635.5770189685999 1619.51654834399 1424.024162726646 2159.620595357781],[910.2698974609375 2021.367919921875 1124.05615234375 2126.794921875],0.731413901,LN15ZZC,0.534334153
858,268,[2292.559868465444 1299.7171262999134 2905.663310005786 1771.9204854918164],[2516.81787109375 1598.46044921875 2681.37646484375 1683.810302734375],0.661638141,DA07CLX,0.527373788
859,268,[2292.33547504588 1304.2838786779812 2907.027375549804 1777.5492633673366],[2526.66845703125 1604.9329833984375 2684.823974609375 1688.1156005859375],0.600587904,DA07CLA,0.404400081
862,136,[616.2184043775167 1646.749387711858 1416.807354900687 2160.8274865654103],[895.3251342773438 2058.2490234375 1113.759521484375 2156.572998046875],0.736710548,LM15ZZC,0.497946598
862,268,[2294.392150614047 1316.0396980609758 2912.565804156694 1791.0520080841711],[2517.75634765625 1629.582275390625 2683.542724609375 1701.851806640625],0.556530654,DA07CLX,0.284312151
863,136,[610.9037361864264 1653.323879011595 1415.092361357385 2160.7263643738784],[897.9991455078125 2067.04052734375 1107.7841796875 2160.0],0.756407142,LN15ZZC,0.554109572
863,268,[2294.826086764477 1320.4813642494644 2913.956533026789 1796.2001477877404],[2522.6923828125 1636.3472900390625 2683.029052734375 1703.1478271484375],0.624361515,DA07CLX,0.554577175
863,347,[2163.4835596689118 869.016224055052 2701.9699729070626 1394.8478618479849],[2348.166015625 1243.18310546875 2490.16357421875 1316.68701171875],0.469854742,EV06VUS,0.125799634
865,136,[601.443667892614 1665.9094095516696 1411.7013429512726 2160.6836214552213],[887.4889526367188 2084.813232421875 1098.8935546875 2160.0],0.714580595,LN15ZZC,0.526379857
867,268,[2296.6147706520483 1338.3384188848308 2921.0299878738983 1819.0126850404758],[2525.62841796875 1647.1717529296875 2689.801513671875 1724.6048583984375],0.624858201,OA07CLX,0.418425033
867,347,[2149.5629562146105 881.4413355026088 2701.459135231251 1410.6179274466224],[2361.132568359375 1256.3624267578125 2482.78515625 1322.2646484375],0.30152449,EV06VYS,0.067361529
868,268,[2296.2629624521505 1340.3311356263732 2922.756616102002 1822.9726694335857],[2530.7939453125 1647.782958984375 2690.39453125 1727.478515625],0.609712541,OA07CLX,0.713715815
869,268,[2295.9091756303033 1344.7231265368898 2924.27630312394 1829.1346727524867],[2536.92724609375 1650.643310546875 2691.582275390625 1735.178955078125],0.585580766,OA07CLX,0.567814005
872,347,[2131.353801204449 886.0345838883827 2706.1913250571506 1423.2618790654724],[2345.580078125 1264.077392578125 2492.99609375 1339.3436279296875],0.578781605,EV06WOG,0.443118415
873,268,[2296.547644879215 1359.4817323343948 2933.8164464090905 1852.0796316640865],[2527.6875 1679.6865234375 2701.748291015625 1758.35009765625],0.655508518,DA07CLX,0.708121389
874,268,[2296.7001011270427 1362.2535262033277 2936.063021763172 1856.135267714613],[2531.00439453125 1684.072265625 2700.2822265625 1762.3447265625],0.66777873,DA07CLA,0.411360792
875,268,[2296.346693344447 1366.3465992112292 2937.3392362317145 1861.662205629962],[2527.7255859375 1686.331787109375 2703.287109375 1774.55419921875],0.70941782,DA07CLX,0.466368318
876,268,[2296.4001790900456 1372.4494438443116 2939.1053680039176 1869.608981722874],[2534.338623046875 1691.82861328125 2708.338623046875 1774.3472900390625],0.681651831,DA07CLX,0.727734255
878,268,[2297.732038702524 1380.8554655422704 2944.104588481996 1880.989409442704],[2542.71630859375 1702.4981689453125 2716.23388671875 1789.8812255859375],0.654173613,DA07CLI,0.228113811
880,347,[2127.2571249241964 899.1565238186622 2715.907775008842 1451.7955555975718],[2345.16845703125 1293.668701171875 2493.94140625 1364.447998046875],0.508203745,EY06YRS,0.033940972
881,347,[2126.898848164029 900.927751496928 2717.5008120957664 1454.7021051213692],[2349.1923828125 1295.289306640625 2497.306640625 1366.72998046875],0.500680208,ET06VOS,0.331221969
882,268,[2300.5997816826593 1398.9122845256932 2952.211723039739 1904.9399110178585],[2543.808837890625 1732.333740234375 2716.165283203125 1811.373046875],0.639394403,DA07CLX,0.220523631
882,347,[2126.4882300763493 901.6295106970103 2718.576274730636 1457.252443007845],[2356.94775390625 1298.982666015625 2496.4453125 1366.37890625],0.508290708,EV06NOS,0.032324368
885,268,[2304.404962072193 1416.2424247793506 2960.8774840492174 1925.2203229238694],[2543.85791015625 1742.5404052734375 2723.19873046875 1829.2327880859375],0.649755776,OA07CLX,0.262461189
886,347,[2123.0400650998936 905.6891944744104 2721.4733525900774 1470.6998164942654],[2353.779296875 1305.5291748046875 2497.59912109375 1383.8184814453125],0.620843232,EY05VUS,0.159173629
887,347,[2122.3174995626805 908.7013924620323 2722.08047099971 1474.7929748648266],[2347.82080078125 1311.1448974609375 2494.455078125 1383.4525146484375],0.595996916,EY06VUS,0.049345492
894,268,[2311.4378678735916 1458.7961191781226 2985.1559150628104 1979.1157864551885],[2562.793212890625 1791.8177490234375 2743.263427734375 1885.2052001953125],0.653321743,DA07CLX,0.332237541
895,268,[2312.793890895571 1462.0731307460155 2988.819269155292 1984.667820493296],[2567.62646484375 1790.4202880859375 2738.60888671875 1894.9412841796875],0.586546659,DA07CLX,0.766866453
896,268,[2314.06391901758 1466.7750829833626 2992.0759763941905 1991.4524317218093],[2561.374755859375 1805.640869140625 2741.494873046875 1891.967529296875],0.666828871,DA07CLX,0.689261506
898,268,[2314.2799160555205 1478.0657124302825 2995.1023906801656 2004.850469480335],[2565.76611328125 1819.9207763671875 2750.230224609375 1900.4249267578125],0.662987471,DA07CLX,0.280787952
899,268,[2315.343077101641 1482.3673269577184 2997.4334304758513 2012.4005909644952],[2571.770751953125 1825.172607421875 2751.81103515625 1914.413818359375],0.706700683,DA07CLX,0.674244249
899,347,[2112.0867122969175 933.157300358065 2729.3831028184222 1516.484448265068],[2341.8798828125 1345.4830322265625 2496.808837890625 1425.8896484375],0.642211199,EV09YOG,0.050491887
900,268,[2317.4856781542053 1486.4872412985478 3002.6885056293427 2019.0771170006556],[2568.479736328125 1828.56591796875 2754.0703125 1918.509521484375],0.702445745,DA07CLX,0.506553961
901,268,[2317.8292856711682 1489.5134566992026 3006.0693813438215 2024.6227696166281],[2573.587646484375 1834.81494140625 2758.844970703125 1924.458251953125],0.678589106,DA07CLX,0.623740243
903,268,[2318.7895053965544 1501.2436678755284 3011.4991299068392 2038.7034643330762],[2572.81396484375 1850.81494140625 2768.62744140625 1940.4130859375],0.638369322,DA07CLX,0.349714222
906,268,[2323.5269878173935 1518.338282508525 3020.121932508175 2058.150722778037],[2584.382080078125 1875.906005859375 2772.74853515625 1965.37353515625],0.680598378,DA07CLA,0.197574492
907,268,[2324.743775832674 1524.4350492380338 3022.7654224097632 2064.812394006886],[2581.73193359375 1876.5076904296875 2775.89453125 1966.5201416015625],0.704649568,DA07CLA,0.354073531
908,268,[2327.418860349281 1530.3690490269128 3027.4259308612855 2072.5882100698545],[2586.36669921875 1885.1502685546875 2775.07763671875 1972.014404296875],0.683324158,DA07CLX,0.217310864
909,347,[2099.380454252819 956.2662819957721 2730.2970009676624 1556.0740127094314],[2334.500244140625 1386.203369140625 2493.50537109375 1459.9111328125],0.568674088,EY09VOS,0.390227089
913,268,[2332.853911529009 1557.8659162212348 3044.582529611393 2108.9392945031836],[2595.75732421875 1919.0009765625 2783.455810546875 1999.1488037109375],0.69313246,DA07CLX,0.28964339
914,268,[2333.2476061269213 1563.8284689328802 3046.205200550737 2116.5897249723876],[2594.6884765625 1923.7236328125 2787.10498046875 2011.559326171875],0.70445627,DA07CLX,0.390551343
918,268,[2338.2068540436267 1582.7709063668303 3060.895102332639 2141.5657095247393],[2602.69677734375 1953.84423828125 2805.77099609375 2040.484375],0.658297598,DA07CLX,0.559918725
922,268,[2344.1881753413018 1605.264515708852 3072.6893760955672 2157.893633136521],[2610.51611328125 1977.1563720703125 2813.6650390625 2069.28466796875],0.714533269,DA07CLA,0.655007621
922,347,[2082.1146289593744 1001.1291494428135 2733.2161203749984 1608.0037892606208],[2322.93115234375 1432.729736328125 2492.833984375 1510.1597900390625],0.579531014,EV06VOS,0.294741052
923,268,[2347.0530454641867 1611.2127100619066 3079.28204053418 2158.8775568562805],[2615.4951171875 1980.140380859375 2822.119140625 2079.927734375],0.714819193,DA07CLX,0.600767817
924,268,[2349.86959800308 1617.353126754041 3084.8098499498774 2160.0661793368563],[2619.632080078125 1991.7974853515625 2828.015625 2087.06494140625],0.69612056,DA07CLX,0.618673578
925,268,[2351.593095156378 1621.801332566174 3089.8683557360982 2160.101314332974],[2620.34130859375 1998.3994140625 2824.802734375 2085.40087890625],0.696426272,DA07CLX,0.623713023
926,268,[2353.6539710733605 1626.2543222396407 3095.7426126766322 2159.8567105566644],[2624.42724609375 2003.203369140625 2830.376220703125 2094.21142578125],0.713229775,DA07CLX,0.316709328
927,268,[2356.5750286591415 1631.8844495982046 3105.067674184654 2159.5922806257477],[2629.162109375 2016.407958984375 2829.1220703125 2108.3671875],0.721011519,DA07CLX,0.772776008
927,347,[2075.9883718841666 1014.4981960068483 2734.7240190551984 1636.1986891776853],[2317.075927734375 1453.376220703125 2479.9072265625 1531.7684326171875],0.654852092,EY06VWS,0.102089196
928,268,[2358.2555553147517 1636.764139077427 3110.2659064082177 2159.536431974492],[2632.416015625 2016.583984375 2828.025634765625 2108.7763671875],0.722607315,DA03CLX,0.599719776
929,268,[2358.5858598134787 1642.5024376437175 3112.5983225945106 2159.8820005903553],[2632.3583984375 2022.988037109375 2835.85498046875 2119.177734375],0.727538228,DA07CLX,0.547873069
929,347,[2073.6305775908786 1015.7506103760029 2734.3194557909283 1644.8654937996516],[2315.561279296875 1455.251953125 2486.307861328125 1544.8809814453125],0.649273753,EY09VOS,0.356523283
930,268,[2360.0301997906586 1649.9973422822432 3116.436358794523 2160.4332105489116],[2633.325439453125 2039.2012939453125 2841.541259765625 2133.1337890625],0.691733658,OA07CLX,0.370391387
930,347,[2072.7069897456554 1018.800096814965 2734.323832350389 1649.8745390388535],[2319.923583984375 1467.6181640625 2489.25732421875 1553.4580078125],0.611363888,EY09VIS,0.28114141
931,268,[2361.4367102195747 1654.32495960071 3119.6739229391296 2159.748798273279],[2636.2158203125 2043.713623046875 2836.56396484375 2132.825439453125],0.67275846,DA07CLX,0.527231098
932,347,[2069.452231769905 1018.6345071945138 2733.36547301399 1657.3970873845306],[2310.02099609375 1467.8983154296875 2489.310546875 1555.02392578125],0.604798317,EY06VWS,0.154479467
934,347,[2068.7877807274454 1024.0899689138396 2734.6194904437452 1668.3584315425778],[2315.60302734375 1481.271728515625 2485.256103515625 1556.9130859375],0.602058351,EY06VOS,0.267861932
935,268,[2367.9299938523636 1678.1896930519579 3128.8424534051555 2162.193962443115],[2644.1083984375 2070.030029296875 2853.72412109375 2160.0],0.724526644,DA07CLX,0.336592015
936,268,[2370.470398308194 1685.9834189205817 3132.5772802852894 2163.20277027666],[2651.77197265625 2083.93994140625 2863.41748046875 2160.0],0.689305067,DA07CLX,0.766546699
936,347,[2067.078434021044 1024.439413424566 2735.8203271946213 1677.9397866343559],[2319.507568359375 1486.2293701171875 2485.777587890625 1573.2330322265625],0.68913424,EY09VVS,0.266303088
937,347,[2065.6128703931167 1027.851880386936 2735.7221284037882 1683.0340844213315],[2316.008544921875 1489.1048583984375 2480.78076171875 1579.3033447265625],0.684877455,EY09VCS,0.198346697
937,268,[2371.7875290421957 1691.457768979911 3135.2487780438682 2163.0358027032003],[2657.40625 2088.676513671875 2864.067138671875 2160.0],0.679551601,DA07CLX,0.654800787
938,347,[2064.4008787687394 1030.7230974324366 2736.2548491359544 1687.9477264976626],[2310.27197265625 1498.0257568359375 2480.48095703125 1579.5318603515625],0.695642173,EY06VVS,0.215392886
940,347,[2063.154116296905 1039.3751014234547 2737.9345903807325 1699.1817559917233],[2308.8173828125 1503.7628173828125 2486.14453125 1591.6014404296875],0.687347889,EY09VYS,0.091874024
941,347,[2060.9703972311568 1044.5457679754336 2738.060951218315 1705.1071842701235],[2306.94189453125 1503.30029296875 2484.3125 1595.527587890625],0.670190394,EY06VVS,0.2227036
942,347,[2059.6285648095645 1047.1838788103291 2738.153596574517 1709.5926660671385],[2308.775634765625 1512.6357421875 2489.919677734375 1602.43505859375],0.660393536,EJ06VVS,0.131326452
945,347,[2055.46237788236 1069.8804429861918 2740.206398369956 1726.4380785708556],[2311.508056640625 1528.3839111328125 2488.868408203125 1610.8721923828125],0.662031114,EX06VOS,0.091329868
946,347,[2055.1022062874467 1077.197873595267 2742.0221463598496 1731.1221608875217],[2312.80908203125 1533.19140625 2486.28759765625 1613.011474609375],0.65579772,EY06VWS,0.055596962
948,347,[2051.7729419580755 1087.6481884351583 2742.863811914417 1740.6389679764316],[2318.14208984375 1537.48828125 2483.34619140625 1623.361083984375],0.699850559,EV06VVS,0.379328935
949,347,[2050.7830626109176 1091.4853388335987 2743.80639042137 1744.2909978186385],[2312.318115234375 1541.88720703125 2485.939453125 1625.394287109375],0.689994931,EY06VIS,0.421927631
953,347,[2047.5617128765348 1105.724993629112 2746.9351226212434 1764.0784080339306],[2312.372314453125 1565.630859375 2492.56787109375 1648.3916015625],0.638833523,EY06VVS,0.444258699
954,347,[2046.6205069013604 1111.5405399243944 2747.448224977852 1770.4381811895812],[2309.085205078125 1573.853515625 2486.685791015625 1653.03759765625],0.604153097,EY06VVS,0.185577223
955,347,[2045.9479514914087 1114.8969429624453 2747.985088826886 1774.517151747125],[2309.3212890625 1576.1575927734375 2488.33056640625 1654.025390625],0.630499423,EY06VVS,0.310789401
957,347,[2044.946911142053 1123.9996648066685 2748.8854480757755 1785.1625463235428],[2308.061279296875 1585.03564453125 2484.80322265625 1670.280029296875],0.681677938,EY03WVS,0.325894941
959,347,[2043.8251221730545 1125.6299835141738 2751.4150676208187 1791.8516302157275],[2314.80517578125 1594.61083984375 2489.532958984375 1675.60205078125],0.687805116,EV06VUS,0.155372837
960,347,[2041.9953535222564 1128.4513045087983 2753.0620047753237 1798.16488294491],[2305.48291015625 1598.11181640625 2490.1689453125 1684.6474609375],0.697780311,EV06VOS,0.145744968
962,347,[2039.2505954966864 1129.9035536446104 2755.5789180688353 1808.3755556368292],[2307.8603515625 1608.739990234375 2494.29833984375 1697.084716796875],0.645011425,EY09WOS,0.130865947
965,347,[2036.082003275542 1129.647062212199 2757.546559533463 1824.5833462238622],[2309.6181640625 1624.788330078125 2494.86572265625 1706.550537109375],0.666339278,EY06VOS,0.23344574
966,347,[2034.539024588313 1141.8972652290781 2758.9632653488707 1834.2601519630175],[2311.51416015625 1634.88720703125 2494.74365234375 1718.5341796875],0.695670485,EV06VVS,0.52714504
967,347,[2033.7964317438145 1149.1078445726928 2760.4530772801954 1839.7275040945171],[2313.774169921875 1631.142333984375 2495.78857421875 1714.919677734375],0.668014765,EY09VVS,0.533524528
973,347,[2030.6057913593204 1187.4790707655234 2769.3471763690186 1878.0479117733425],[2310.958740234375 1669.5552978515625 2497.83642578125 1753.5135498046875],0.641763568,EY06VOS,0.115143047
974,347,[2030.9324929912104 1191.5040312103122 2772.3542598787785 1883.2572110308981],[2315.29541015625 1674.1732177734375 2505.0029296875 1759.16162109375],0.692032516,EY09VLS,0.46474539
975,347,[2029.6205748159684 1194.257850933216 2773.6686419532266 1890.2453634871754],[2315.75244140625 1680.02099609375 2500.08544921875 1766.76953125],0.700222373,EY09VRS,0.198014837
977,347,[2030.515393761467 1200.3413396584049 2779.3467024224246 1902.8047920774954],[2312.161376953125 1693.55126953125 2501.19140625 1779.49658203125],0.682270944,EY09VLS,0.246872178
978,347,[2030.505082026613 1204.5139535214814 2781.623782038908 1909.73082064288],[2313.13720703125 1697.8623046875 2505.5029296875 1785.957275390625],0.694796145,EY06VTS,0.140400729
979,347,[2030.5500070264482 1206.6528108759308 2783.597046587155 1914.0458959365506],[2316.107421875 1704.59326171875 2504.83251953125 1792.213623046875],0.678331077,EY09VIS,0.152725195
983,347,[2030.4659144132252 1227.1448822556704 2792.3119320793044 1940.7651713150908],[2327.293212890625 1726.3985595703125 2523.01025390625 1819.1195068359375],0.693340778,EY09VOS,0.132708228
984,347,[2031.3123238379053 1233.2169442379875 2795.65509370053 1947.7795644379592],[2330.8408203125 1730.7930908203125 2515.8291015625 1822.8292236328125],0.689624131,EY09VVS,0.20786717
985,347,[2031.3012247315023 1237.137068581027 2797.665227045371 1953.329937481351],[2331.302978515625 1740.45556640625 2521.79638671875 1831.888916015625],0.68704772,EY09VOS,0.452144632
986,347,[2033.1655354874965 1242.8069885377317 2801.372549026758 1961.1854169011153],[2326.08349609375 1743.1043701171875 2526.1328125 1839.2479248046875],0.705911338,EY09VVS,0.215342953
987,347,[2033.7691550275333 1246.092636718339 2803.9981632327094 1968.0363267185628],[2327.931396484375 1752.1746826171875 2522.1552734375 1839.4896240234375],0.669303417,EY06VMS,0.300615954
989,347,[2036.3059909581775 1255.6464100534167 2809.380068281946 1981.2899130172032],[2338.5390625 1768.080810546875 2530.245361328125 1853.739013671875],0.669887245,EY09MVS,0.281116171
990,347,[2037.7443635355976 1264.7267696801955 2813.167367593447 1991.6734883690165],[2341.40673828125 1773.375 2529.550048828125 1863.2666015625],0.693342149,EY09VTS,0.251002587
991,347,[2038.2250333456113 1269.8270976705232 2815.6280040819756 1997.7092222444514],[2343.4677734375 1774.66748046875 2532.947265625 1864.432861328125],0.690714777,EY09VTS,0.246290022
992,347,[2038.907150236587 1274.3598728201468 2818.3065058934308 2004.0791703015316],[2342.06201171875 1783.433837890625 2528.044189453125 1874.275146484375],0.705717862,EY09WMS,0.128594303
993,347,[2041.281310157229 1281.2773277655956 2821.931802274079 2012.589505681818],[2338.9990234375 1790.895263671875 2537.841796875 1881.6038818359375],0.714181066,EY09WVS,0.286872607
994,347,[2042.0535384723494 1283.9835841785232 2824.119687644949 2017.6653375414119],[2342.624267578125 1799.4246826171875 2541.4072265625 1889.6092529296875],0.680510521,EV06VOS,0.170476568
996,347,[2045.4004592405347 1292.3794548656842 2831.185735594721 2031.4080216287075],[2351.955322265625 1813.666748046875 2544.911865234375 1902.37255859375],0.671684265,EY06VLS,0.139474313
998,347,[2046.5107342386195 1300.1872108274652 2836.7469840116523 2044.8896033011533],[2352.714599609375 1820.5316162109375 2548.6630859375 1913.3583984375],0.702489018,EY09VOS,0.251750111
1000,347,[2047.6656448843794 1309.4806487741491 2843.223278258491 2058.66976737126],[2349.485595703125 1835.017333984375 2552.826171875 1928.796142578125],0.700669885,EV09VVS,0.189792052
1001,347,[2048.1564317591083 1313.3153540896806 2846.633091857615 2066.422333205722],[2359.77490234375 1849.4278564453125 2555.87060546875 1937.4715576171875],0.654969454,EY09WOS,0.159333089
1004,347,[2050.1527025769437 1329.5985742629641 2855.5725799280362 2091.255073654897],[2366.833251953125 1866.248291015625 2569.537841796875 1961.66455078125],0.731834829,EY06VDS,0.174594935
1007,347,[2055.6564196708077 1346.2887459813085 2869.364804999381 2114.037457289473],[2376.7255859375 1887.371337890625 2577.1826171875 1980.1025390625],0.721826315,EY09VVS,0.616016665
1008,347,[2057.2148306272966 1354.9103155456005 2874.1028514432683 2123.736762854186],[2373.13525390625 1895.118896484375 2578.031005859375 1986.352294921875],0.709178865,EY09VMS,0.267631491
1009,347,[2057.2509967191313 1360.1431599820826 2876.910239480401 2129.1397604833633],[2380.0595703125 1897.9837646484375 2581.79541015625 1992.1904296875],0.699514925,EY09VGS,0.459876764
1010,347,[2058.3402184740494 1365.4170018799696 2881.4345429251384 2135.112502064528],[2374.6123046875 1912.40625 2579.12451171875 2005.518310546875],0.706462204,EY09VMS,0.742227623
1011,347,[2060.09517541803 1371.3107447753018 2885.6103793795787 2141.6465536909786],[2380.859130859375 1918.7991943359375 2588.07958984375 2011.9390869140625],0.714871645,EY09VMS,0.417804936
1013,347,[2062.4072030661973 1379.465656152663 2892.2638602688667 2148.641591698796],[2385.75244140625 1928.7528076171875 2592.541015625 2025.1256103515625],0.718731105,EY09VNS,0.657670296
1014,347,[2063.6758365824176 1385.896026095795 2897.501825978176 2150.6034467194513],[2388.0751953125 1943.29443359375 2594.927490234375 2035.788330078125],0.682253361,EY05VNS,0.394304177
1015,347,[2063.631072192135 1391.283574318245 2900.662236186274 2151.9381107972386],[2387.53955078125 1946.2470703125 2595.63525390625 2038.045166015625],0.684174776,EY09VST,0.576661176
1016,347,[2064.962260306088 1397.6299298422934 2904.8052623430567 2152.4780233195534],[2393.13330078125 1958.4635009765625 2598.8974609375 2048.7294921875],0.699818075,EV09VIS,0.170679154
1019,347,[2068.970850476666 1417.0806831550028 2916.856087825604 2153.7562701146917],[2399.712890625 1978.238525390625 2608.1455078125 2074.08984375],0.714302599,EY09VNS,0.633143577
1020,347,[2070.109163340853 1425.4420549955707 2921.573309475793 2155.0531197800715],[2395.296875 1991.707275390625 2618.77294921875 2085.896728515625],0.703197658,EV09VUS,0.074251125
1021,347,[2071.5206321601518 1429.212054170012 2925.129587820531 2154.9818417310953],[2396.195068359375 1993.017578125 2615.384033203125 2087.374267578125],0.687661946,EY09VIS,0.39506279
1022,347,[2073.0581766714677 1433.5938848916 2929.7168476457528 2154.918135843965],[2408.048828125 2002.8468017578125 2618.6552734375 2101.0390625],0.719650745,EY06VIS,0.186168986
1025,347,[2077.6068893450247 1447.4330731891448 2940.431926879558 2153.8258694984547],[2412.737548828125 2021.2386474609375 2622.216064453125 2123.42041015625],0.741471887,EY09VCS,0.309075235
1026,347,[2079.33023256015 1452.866831415069 2945.4051219398943 2155.581914886246],[2413.420166015625 2035.861328125 2623.7431640625 2131.44482421875],0.731050491,EV09VIS,0.232708483
1027,347,[2079.6676451814365 1457.3614177435209 2948.0149356009606 2155.7597733978655],[2414.83544921875 2039.829833984375 2629.471923828125 2135.925537109375],0.698149562,EY06VOS,0.226201024
1105,419,[2092.522456932773 1131.2484204180023 2822.4862301192024 1791.6496207773034],[2373.91357421875 1601.980224609375 2524.12841796875 1669.4205322265625],0.269872457,BP63LYF,0.51353687
1109,419,[2097.5712389218015 1146.5301473877869 2835.0083010294657 1811.865785306131],[2376.90869140625 1606.4952392578125 2531.3193359375 1692.7412109375],0.415823102,BP63LYI,0.452104344
1110,419,[2098.6601097794114 1150.050324571518 2838.41350783022 1816.8971755245993],[2380.68505859375 1622.1331787109375 2548.150390625 1700.9681396484375],0.345523238,BP63LYH,0.442329301
1111,419,[2098.8352144216215 1152.4987342324298 2840.4582524312127 1821.8386081997955],[2376.93505859375 1627.3538818359375 2554.5263671875 1702.1044921875],0.331978589,BP63LYH,0.552118011
1112,419,[2098.5741852508763 1155.8753652085218 2842.04379224857 1828.1726849994513],[2382.6044921875 1637.113037109375 2545.01025390625 1708.9833984375],0.441639841,BP63LYH,0.590811875
1113,419,[2099.564749808608 1158.9644878822696 2845.250854108549 1834.0645113805408],[2384.85693359375 1637.9864501953125 2552.46923828125 1714.6431884765625],0.591554821,BP63LYH,0.655261112
1114,419,[2100.398077896693 1161.1093625572921 2846.844515697791 1838.5464584538518],[2382.326171875 1635.725830078125 2557.6796875 1714.991455078125],0.570859432,BP63LYH,0.612898107
1115,419,[2101.2386884340303 1163.804775093574 2848.751587750139 1844.0367719110188],[2386.9765625 1649.380615234375 2550.914306640625 1723.2734375],0.566200554,BP63LYK,0.349390738
1116,419,[2102.1420294625877 1168.7130086835484 2851.028606141026 1850.904557520698],[2387.01025390625 1650.3299560546875 2565.67333984375 1737.1878662109375],0.550837159,BP63LYH,0.639374783
1118,419,[2103.199664301456 1176.5357409410412 2855.7230650866645 1862.0451992916173],[2390.609130859375 1651.9735107421875 2577.7490234375 1745.2034912109375],0.655824602,BP63LYH,0.883674794
1119,419,[2105.242352403984 1181.5107164840806 2859.822148273958 1867.436607066837],[2394.217529296875 1660.77587890625 2578.023193359375 1750.06103515625],0.60000664,BP63LYH,0.266725569
1120,419,[2106.6152327106042 1184.8571969273212 2864.320323418285 1871.4745767221648],[2393.84912109375 1662.731689453125 2576.051513671875 1754.70849609375],0.578951359,BP63LYH,0.766281103
1121,419,[2107.9511788580603 1188.5166925345104 2868.8996205710855 1876.4811880854793],[2396.51611328125 1677.760986328125 2581.80810546875 1756.3773193359375],0.514814794,BP63LYH,0.371046987
1122,419,[2109.5035788519804 1195.4323402470711 2872.76879582217 1884.4669783997904],[2396.12890625 1680.240966796875 2582.06884765625 1767.387451171875],0.649767876,BP63LYH,0.562182134
1124,419,[2111.1050641317606 1204.1665333689582 2877.411315031436 1895.414271966086],[2401.866943359375 1692.443115234375 2589.39111328125 1777.874267578125],0.657661021,BP63LYH,0.644737136
1125,419,[2111.8268520681268 1206.2707749260287 2880.4395893089213 1900.1674146446296],[2399.80078125 1699.3355712890625 2591.830810546875 1786.4893798828125],0.649020076,BP63LMH,0.52870549
1127,419,[2112.47047770717 1213.748950950904 2884.815446035742 1911.5512240363707],[2402.322998046875 1702.099365234375 2600.193115234375 1795.263427734375],0.672996938,BP63LYH,0.828850882
1128,419,[2113.3620823506008 1219.0452367577454 2887.516689942773 1918.570768998873],[2403.276611328125 1710.4493408203125 2592.401611328125 1801.9683837890625],0.607820451,BP63LYH,0.78568128
1130,419,[2114.8043904156875 1223.3335972626837 2893.692768948743 1931.0132204257006],[2407.4794921875 1728.9349365234375 2597.479248046875 1818.2991943359375],0.664321303,BP63LYH,0.51028149
1131,419,[2115.2411352613804 1229.1618639454157 2895.754508238301 1938.6170311314456],[2407.7001953125 1729.7109375 2599.43603515625 1818.8572998046875],0.689471066,BP63LYH,0.497427787
1132,419,[2115.847182276462 1233.41796040308 2898.204970984066 1943.6476450216555],[2409.32177734375 1732.822998046875 2606.1279296875 1822.8848876953125],0.711527586,BP63LYH,0.627939691
1133,419,[2116.6832546135965 1239.4621460307371 2901.3104611146764 1950.939249199861],[2411.6357421875 1737.9327392578125 2613.44189453125 1833.6104736328125],0.697600663,BP63LIH,0.438047434
1134,419,[2117.7028138608603 1242.6378720824155 2905.019548685891 1957.569549530912],[2413.33251953125 1748.568603515625 2617.30322265625 1842.654052734375],0.676522851,BP63LYH,0.969037125
1135,419,[2117.339111694535 1243.0700705402658 2906.771833885309 1961.9611541040247],[2416.06298828125 1749.9693603515625 2619.7216796875 1843.584228515625],0.675164342,BP63LYH,0.348053218
1136,419,[2118.6917894897138 1246.363288036228 2909.8332631946037 1968.6641042938945],[2411.7373046875 1752.135498046875 2622.330078125 1847.504150390625],0.638815045,BP63LYH,0.521475021
1137,419,[2119.703572947558 1250.066272272385 2912.693345376428 1975.904924317933],[2412.80859375 1759.317626953125 2624.48876953125 1859.28515625],0.676129103,BP63LYH,0.633379169
1138,419,[2120.0037532041547 1252.5203534119685 2914.6411045919426 1981.911534279792],[2414.77197265625 1768.1766357421875 2624.70703125 1861.8892822265625],0.650939584,BP63LYH,0.531328313
1139,419,[2121.547504088386 1256.7836200087468 2918.9630454281664 1988.8137991134777],[2419.32958984375 1774.88232421875 2625.9365234375 1865.384033203125],0.671444893,BP63LYH,0.710785595
1141,419,[2124.3061826860926 1265.2407513784422 2926.0799291966455 2001.9734949033348],[2420.4482421875 1781.16650390625 2626.947265625 1879.6494140625],0.694877625,BP63LYH,0.929851271
1142,419,[2126.1875846662892 1270.2483826125952 2929.512944959452 2009.0577373325402],[2426.5654296875 1792.1766357421875 2631.211181640625 1888.1011962890625],0.657188296,BP63LYH,0.795550508
1144,419,[2128.156550589828 1278.6458437298595 2935.143983448993 2022.4595809548762],[2430.093994140625 1800.8485107421875 2641.577880859375 1896.2874755859375],0.675097644,BP63LYH,0.782389797
1145,419,[2128.7046478089665 1282.403902429986 2937.6155437409047 2029.3638678659536],[2436.54052734375 1809.3453369140625 2641.776123046875 1903.8240966796875],0.691605747,BP63LYH,0.595547165
1146,419,[2129.824839382017 1287.5088035226945 2941.394941463401 2036.9561926471301],[2436.271240234375 1813.960205078125 2646.856689453125 1910.946044921875],0.691746533,BP63LYH,0.636142534
1147,419,[2130.5601951829026 1290.8502604308705 2943.70770917007 2043.3055164142006],[2442.93701171875 1821.8785400390625 2639.88818359375 1914.50537109375],0.67077148,BP63LYH,0.885981221
1148,419,[2132.2809738857586 1295.445419620932 2946.8991058333195 2049.802999740107],[2436.9599609375 1824.2237548828125 2647.57421875 1915.8204345703125],0.664340615,BP63LYH,0.821261581
1149,419,[2133.654744389961 1301.5327834982174 2949.7993661253386 2058.207250821848],[2440.72509765625 1831.385498046875 2647.81640625 1928.638671875],0.685771704,BP63LYH,0.435396169
1151,419,[2135.409650967699 1308.7118295144523 2955.500328176889 2072.5442538314715],[2447.008056640625 1841.8289794921875 2656.911376953125 1940.9674072265625],0.689134836,BP63LYH,0.924308517
1152,419,[2137.178831782613 1313.3595252286705 2959.093642897503 2080.590718390851],[2446.99853515625 1847.728271484375 2663.92333984375 1948.256103515625],0.664240718,BP63LYH,0.649431669
1153,419,[2138.5247401194465 1316.7272730155237 2961.960683614646 2086.8721727982],[2449.039794921875 1852.2646484375 2664.147705078125 1951.97216796875],0.703575552,BP63LYH,0.692782911
1154,419,[2140.4777950206253 1321.124432775303 2966.537235711532 2093.497503486854],[2454.2158203125 1862.807373046875 2663.10400390625 1963.002685546875],0.694993675,BP63LMH,0.583215675
1156,419,[2143.247753259054 1329.3559106047403 2975.0867497231034 2105.743982922966],[2452.475830078125 1872.678466796875 2668.8427734375 1973.989990234375],0.710107744,BP63LYH,0.716750195
1159,419,[2145.688592845209 1348.2854905080092 2984.3826421735844 2126.963854229154],[2462.1376953125 1896.1593017578125 2680.21875 1992.41162109375],0.667888224,BP63LYH,0.8738736
1160,419,[2147.855489216175 1354.2183547324566 2989.1456841131553 2133.173145018153],[2467.955078125 1907.91064453125 2681.8515625 2000.0972900390625],0.700514793,BP63LYH,0.783116774
1161,419,[2149.359456268527 1361.579745166146 2993.405443252585 2141.9720099267006],[2466.35498046875 1910.781982421875 2689.134765625 2010.193115234375],0.698308349,BP63LYH,0.809626225
1167,419,[2157.4456631771695 1384.8326387010418 3015.1321373726346 2155.995331667276],[2483.72412109375 1950.110595703125 2705.85693359375 2051.282958984375],0.714251339,BP63LYH,0.46702067
1168,419,[2157.8730835994115 1388.612137211162 3018.4502779376057 2155.933405122477],[2487.752685546875 1953.23828125 2706.729736328125 2051.1953125],0.704753816,BP63LYH,0.581368061
1169,419,[2159.0956984091436 1392.9478913166513 3023.258299517247 2155.9799688759144],[2491.99267578125 1963.556396484375 2707.57861328125 2059.059814453125],0.701159477,BP63LYH,0.455841914
1170,419,[2161.0506233406595 1398.0828837893112 3028.5544162355327 2156.428109079643],[2490.73681640625 1971.3336181640625 2714.221435546875 2069.59814453125],0.711398423,BP63LYH,0.573003289
1171,419,[2162.4111816194963 1402.1191365004138 3032.715610144185 2156.5948309502064],[2487.298828125 1970.38037109375 2714.189453125 2077.8046875],0.70132947,BP63LYH,0.837730162
1172,419,[2164.137805454343 1406.2507264026026 3037.023530040553 2155.948274659845],[2494.1982421875 1980.705078125 2720.6318359375 2087.6025390625],0.699748755,BP63LYH,0.639775722
1173,419,[2165.401588130122 1413.2819214510075 3041.1094398239975 2156.063144137446],[2493.904541015625 1993.0455322265625 2727.326171875 2097.246826171875],0.683430433,BP63LYH,0.582892228
1174,419,[2166.2852992039857 1417.5479804409297 3043.68383637585 2155.336667275741],[2495.961181640625 1996.6600341796875 2727.057861328125 2101.74072265625],0.715037823,BP63LYH,0.591526349
1175,419,[2167.50268027908 1424.3456660195502 3047.0731972433377 2156.3221959432353],[2500.61083984375 2003.46826171875 2725.841796875 2109.8759765625],0.71523577,BP63LYH,0.714363898
1176,419,[2168.6735601661644 1429.6503922725371 3050.996403102879 2156.4173952212386],[2500.7841796875 2010.285888671875 2728.75439453125 2112.75048828125],0.721653581,BP63LYH,0.608228642
1177,419,[2169.8388902343027 1433.9547361463895 3055.153044470902 2155.818786465584],[2502.403564453125 2017.57373046875 2732.942138671875 2124.422119140625],0.722616911,BP63LYH,0.679514268
1179,419,[2173.492575946872 1443.6126930225037 3064.492358712974 2155.710521366806],[2509.566650390625 2035.23291015625 2741.63037109375 2138.18017578125],0.697504878,BP63LYH,0.232266136
1180,419,[2174.7855648502773 1448.3587181593857 3068.0185769864347 2155.726776819162],[2510.64306640625 2037.379150390625 2744.71630859375 2145.097900390625],0.696040213,BP63LYH,0.429421391
1181,419,[2175.928763867228 1454.4496163982178 3071.6686435519946 2156.6918990151416],[2510.06640625 2041.766845703125 2744.34912109375 2150.83544921875],0.70457238,BP63LMH,0.255832482
1182,419,[2178.0848188185 1459.7521019352794 3076.3715796342776 2157.0563247723203],[2518.459716796875 2056.21044921875 2744.633056640625 2152.6435546875],0.70038259,BP63LYH,0.873436883
1208,368,[2073.857930677336 1224.9532252987021 2700.2851033198062 1692.2121877912211],[2319.926513671875 1508.3895263671875 2481.345703125 1612.3897705078125],0.385624975,VC65ZFX,0.180771986
1209,368,[2074.524069114229 1229.733158708205 2703.1378840500865 1697.6598506388143],[2315.648681640625 1529.9169921875 2477.314697265625 1614.3330078125],0.48523429,NG65ZFX,0.314332846
1211,368,[2071.464196428188 1235.7367586153275 2701.0063753482063 1704.3610521407156],[2317.814208984375 1542.1087646484375 2472.3095703125 1624.1883544921875],0.544092298,NC65ZFX,0.278658561
1214,368,[2073.975148542284 1247.4491597266158 2714.139783208847 1717.081973917204],[2319.14892578125 1539.306640625 2477.4208984375 1630.296142578125],0.488615572,NG65ZFY,0.252843673
1215,368,[2069.39345287389 1251.1002216700724 2704.4908011962107 1722.2758780458942],[2308.42138671875 1546.9443359375 2486.5 1640.18798828125],0.62332046,AG65ZFX,0.536026745
1216,368,[2072.136967495314 1254.3370392333227 2707.2783340595097 1726.2058299965115],[2312.19580078125 1543.7735595703125 2490.48291015625 1645.9559326171875],0.625341535,KG65ZFX,0.222443201
1217,368,[2074.075751587574 1256.3953698821072 2711.8308681426433 1729.6050100672571],[2314.85009765625 1549.96435546875 2498.341552734375 1652.863037109375],0.636871159,NG65ZFX,0.259918392
1219,368,[2074.399817358405 1261.2913764760476 2716.4605862671715 1738.1752108923658],[2315.196533203125 1567.9251708984375 2492.103515625 1654.6138916015625],0.606860042,AG65ZFX,0.160970649
1222,368,[2073.733593934915 1269.9993828965883 2715.4819224795665 1752.0538041502925],[2321.45703125 1582.1861572265625 2491.51416015625 1669.8592529296875],0.595947325,NG65ZFX,0.315093108
1225,368,[2076.2180608907092 1280.3306859410413 2726.4685938124985 1767.0361664064676],[2339.441162109375 1592.25 2494.899169921875 1677.9609375],0.50388521,NG65ZFX,0.685008612
1229,368,[2076.960662998815 1293.456190089134 2737.835514549322 1786.356831852343],[2324.343017578125 1608.6064453125 2507.63525390625 1704.54052734375],0.672112703,WG65ZFX,0.275723985
1232,368,[2075.810872098607 1305.345971444748 2743.764330526567 1801.3814074107163],[2332.6259765625 1625.108642578125 2493.58544921875 1709.614013671875],0.623354912,OG65ZFX,0.481651472
1234,368,[2073.830739167698 1312.5921244878152 2741.2577148494747 1811.4744442268227],[2325.492431640625 1636.97900390625 2515.779541015625 1722.287109375],0.667327285,OG65ZFX,0.239542406
1236,368,[2079.028275909336 1322.8705255414302 2752.4312115749353 1824.0648605517354],[2339.536865234375 1638.9576416015625 2526.897705078125 1738.7698974609375],0.682115436,AG65ZFX,0.116182457
1238,368,[2081.155228105933 1330.4849568715133 2759.6237050142336 1834.6255378151857],[2342.638671875 1650.22900390625 2528.81103515625 1748.75439453125],0.656980693,AG65ZFX,0.329324543
1250,368,[2088.6631433838274 1378.3273575933126 2775.8075531641025 1909.3828819914283],[2352.80078125 1717.4351806640625 2542.835693359375 1807.6197509765625],0.667215407,WG65ZFX,0.213503283
1251,368,[2091.3071413647785 1383.4749636908164 2782.2907100896173 1916.162770068831],[2356.591552734375 1727.712890625 2544.37353515625 1819.856689453125],0.683089256,NG65ZFX,0.310381119
1254,368,[2092.63921790128 1397.947263432679 2793.6994832235378 1932.2347289089348],[2360.126220703125 1735.792724609375 2549.01904296875 1832.528076171875],0.686089516,NG65ZFX,0.614570127
1256,368,[2095.3854309382596 1407.239734662624 2801.5742749530164 1944.4771791350213],[2362.61572265625 1744.06396484375 2551.929931640625 1843.27392578125],0.668787718,AG65ZFX,0.27352983
1257,368,[2095.864997894971 1411.4756014043035 2804.6573776950468 1950.622420283302],[2359.2490234375 1764.357421875 2551.7666015625 1850.438232421875],0.65060991,HG65ZFX,0.244227204
1258,368,[2095.829416611549 1415.0631175471547 2807.07809941035 1955.855939165505],[2366.089599609375 1765.7655029296875 2553.814453125 1853.7733154296875],0.65716362,NG65ZFX,0.505325843
1259,368,[2096.587764315371 1420.5217172991943 2809.2067379342598 1962.7360598884388],[2368.108154296875 1773.2001953125 2548.080322265625 1865.336181640625],0.682410479,WG65ZFX,0.497516594
1260,368,[2097.4055607507144 1425.6561840649379 2812.8228092124436 1969.3019106607126],[2370.8154296875 1776.4544677734375 2563.4130859375 1867.7508544921875],0.678074479,NG65ZFX,0.610282769
1261,368,[2097.8031777755964 1428.4678764821833 2815.0658644189457 1973.7507712949282],[2368.185546875 1776.693603515625 2566.77587890625 1869.460693359375],0.694872141,OG65ZFX,0.130935204
1262,368,[2098.2044643331933 1434.0671687963759 2817.2195678818157 1980.7629905523308],[2377.020263671875 1786.7867431640625 2570.905517578125 1881.087158203125],0.695703566,NG65ZFY,0.327737307
1263,368,[2099.400065856941 1438.5019601620277 2819.8132005332873 1986.6304716620714],[2375.6806640625 1791.802490234375 2578.8857421875 1887.556884765625],0.659679234,NG65ZFX,0.436998745
1265,368,[2098.7385105795015 1448.0941453571547 2819.723634261805 1999.7453577641993],[2374.037841796875 1802.320556640625 2574.337646484375 1897.5390625],0.657658458,WG65ZFX,0.552055895
1266,368,[2100.7219218183054 1454.2660508467031 2824.7177007821756 2007.8656523260454],[2386.7216796875 1810.35888671875 2575.8505859375 1902.12353515625],0.678280771,NG65ZFX,0.35303077
1268,368,[2103.437984970133 1462.5236438243214 2832.7780492483503 2019.949721451805],[2387.8427734375 1820.285400390625 2576.9638671875 1911.59814453125],0.683110535,NG65ZFX,0.553270043
1269,368,[2105.4466199264675 1467.2514557290947 2837.9974010623896 2026.6139508524438],[2378.71923828125 1826.999267578125 2578.22216796875 1924.4937744140625],0.692058146,NG65ZFX,0.355316321
1270,368,[2106.7861593316657 1470.6568434831413 2841.716430932427 2031.5954943117806],[2388.1689453125 1829.303466796875 2579.15673828125 1926.627685546875],0.699238181,NG65ZFX,0.278319945
1271,368,[2107.4996860867363 1475.2397297478035 2844.133166740127 2038.2637442319894],[2386.253173828125 1838.690185546875 2585.5634765625 1935.0303955078125],0.677188456,NG65ZFX,0.517847803
1272,368,[2108.4119222338004 1481.3713433408952 2847.6186619703967 2046.3698038493685],[2391.923583984375 1847.365966796875 2589.3896484375 1938.87353515625],0.661516845,WG65ZFX,0.334010922
1273,368,[2107.422681370831 1486.072100829246 2848.652721632905 2051.8273324723314],[2391.51025390625 1855.66796875 2589.53271484375 1942.243408203125],0.667401314,NG65ZFX,0.286080213
1277,368,[2112.5550054681767 1506.647175170219 2863.626417421669 2080.2096125298945],[2395.97119140625 1874.38134765625 2595.53955078125 1969.124755859375],0.701524854,NG65ZFX,0.283240903
1278,368,[2114.9965107835255 1512.4080693328476 2867.785952421807 2087.6084525931883],[2400.700927734375 1883.050048828125 2600.81201171875 1977.3251953125],0.706930518,NG65ZFX,0.183812327
1279,368,[2115.574127190193 1516.121007162034 2869.7494494127436 2093.617036246491],[2399.068359375 1884.799072265625 2600.68212890625 1983.153076171875],0.687620342,NG65ZFX,0.280488963
1281,368,[2119.284423227272 1526.6144862993826 2878.9237656984606 2107.561536420336],[2413.04345703125 1908.89208984375 2607.45947265625 1998.2197265625],0.675024629,NG65ZFX,0.497459123
1283,368,[2121.1740716837558 1538.185062622362 2884.6764293016076 2120.282442748392],[2415.43359375 1916.358154296875 2618.265380859375 2012.57861328125],0.723358691,NG65ZFX,0.541655778
1284,368,[2122.0537509740916 1544.603909959273 2888.0769940305854 2126.730311629526],[2403.016357421875 1925.092529296875 2617.9619140625 2021.553955078125],0.704049051,NG65ZFX,0.737105728
1286,368,[2122.8341514636886 1552.911770126328 2893.432636985628 2136.932001608038],[2410.47900390625 1933.718505859375 2625.4677734375 2032.915771484375],0.697032392,NG65ZFX,0.657984398
1287,368,[2122.873750425623 1558.9992356552318 2896.3683426345774 2143.3051267239266],[2427.290283203125 1943.5880126953125 2626.84765625 2037.1607666015625],0.676751971,NG65ZFX,0.47950822
1289,368,[2125.2296783033 1569.380722524859 2902.440213139943 2152.0040604951846],[2427.9248046875 1956.528076171875 2628.466552734375 2051.19384765625],0.709824026,NG65ZFX,0.633641272
1293,368,[2128.572474856757 1584.7905148578398 2914.0108582321113 2157.4291477076395],[2433.1728515625 1983.397216796875 2640.2197265625 2081.715576171875],0.715279877,NG65ZFX,0.489606014
1294,368,[2130.303562849414 1586.8047782119602 2917.979825830091 2156.967414302714],[2437.2119140625 1985.501220703125 2638.35009765625 2084.27490234375],0.705285311,NG65ZFX,0.319898102
1295,368,[2130.9054734736 1591.8502772573888 2920.4769014752937 2157.6454156903337],[2428.572265625 1995.456298828125 2642.728515625 2089.93212890625],0.70773524,NG65ZFX,0.450234579
1296,368,[2133.091534759734 1597.4832084272523 2924.771401729632 2158.319839973323],[2441.754150390625 2007.561279296875 2644.6748046875 2096.797607421875],0.706807435,NG65ZFX,0.645910501
1297,368,[2134.2762906510234 1602.1407804721493 2928.400959465165 2157.7152628419103],[2441.729736328125 2009.9658203125 2645.7744140625 2103.326416015625],0.707174718,WG65ZFX,0.417632027
1298,368,[2138.096080360203 1604.732636762036 2933.262282482233 2156.4002647127336],[2443.3759765625 2016.891357421875 2645.106689453125 2110.932861328125],0.714315593,NG65ZFX,0.339471551
1300,368,[2141.193699220274 1617.2670863417761 2940.441981012074 2158.6648000386076],[2446.179443359375 2026.2626953125 2661.102294921875 2124.6064453125],0.71327126,NG65ZFX,0.265228155
1302,368,[2144.4087616970514 1633.1175912348333 2947.9964519963237 2160.930794994353],[2458.741455078125 2053.90771484375 2664.825927734375 2144.8408203125],0.698298156,NG65ZFX,0.359310167
1303,368,[2144.71875155321 1639.9198134372116 2950.0550759360362 2160.9040493103103],[2461.42041015625 2056.31689453125 2668.185546875 2149.791015625],0.720047116,NG65ZFX,0.60140725
1305,368,[2147.723186462672 1653.5203961403258 2958.473638073694 2160.055110977097],[2455.7353515625 2065.891357421875 2670.90185546875 2160.0],0.728845954,NG65ZFX,0.520097684
1319,549,[990.5341508878241 1006.996419690247 1639.6392999135787 1624.2531977311564],[1239.190673828125 1406.065185546875 1408.3062744140625 1509.135986328125],0.457879961,NL54OIX,0.108910092
1320,549,[989.7107945804128 1012.002233482732 1641.7127448635702 1630.3215940739703],[1237.37890625 1409.64306640625 1403.800537109375 1509.085693359375],0.472058624,HL64OGX,0.722567227
1337,549,[946.1463200146547 1066.6704617997414 1650.667607842193 1713.5342302406482],[1199.6953125 1500.228271484375 1381.51806640625 1586.668701171875],0.653489113,NL61OGX,0.188569397
1340,549,[936.509590253965 1074.8727482293964 1646.904789157144 1727.6517456491395],[1196.5350341796875 1510.3685302734375 1377.822265625 1604.7271728515625],0.672788918,NL64OGX,0.970868733
1341,486,[667.5400407839543 1639.5769754097391 1471.5389758444421 2160.028941717458],[944.8547973632812 1993.5523681640625 1179.1614990234375 2139.5673828125],0.538032353,LI61PZS,0.256391148
1342,486,[664.0480863095263 1645.6182190220336 1470.3701325983611 2158.2731616349147],[920.2044067382812 1990.347900390625 1187.055419921875 2146.089599609375],0.404244661,LL61PZS,0.333491262
1343,486,[659.3886845511453 1652.7314241445285 1468.6794564343231 2158.2557398718886],[915.2807006835938 2034.14013671875 1182.371826171875 2155.641845703125],0.574029386,LL61FZS,0.627409325
1345,549,[920.2382093354953 1090.2856955735642 1641.9754957513169 1753.5682197125516],[1181.68408203125 1537.7486572265625 1371.584716796875 1630.4373779296875],0.692834437,NL64OGX,0.368805451
1350,549,[903.3551583095079 1112.2913349161204 1635.7484307737848 1788.5840636807893],[1169.33447265625 1567.37744140625 1354.714111328125 1656.908447265625],0.626859903,NL64OGY,0.388057748
1351,549,[900.2905412426563 1115.361187409186 1634.8683885898572 1793.1071023306733],[1166.8773193359375 1572.044677734375 1352.6502685546875 1662.324462890625],0.624633014,NL64OGY,0.373891487
1352,549,[897.452899446368 1118.418753876943 1634.0789307737537 1797.809445948421],[1166.199462890625 1586.0460205078125 1346.24755859375 1669.5186767578125],0.628460407,NL64OGX,0.388849719
1357,549,[880.104114354577 1139.9278790899275 1627.65252289148 1828.4572094227888],[1151.9644775390625 1605.4105224609375 1344.205078125 1702.0374755859375],0.652924001,HL64OGY,0.53187018
1362,549,[863.8678880338332 1161.2502002278134 1620.4506040237504 1860.0765105623486],[1135.008056640625 1637.9512939453125 1329.032470703125 1729.9185791015625],0.654634535,HL64OGX,0.225515344
1363,549,[860.9077920363754 1164.1272098193458 1619.5691274525755 1864.7256379492733],[1136.218017578125 1641.4991455078125 1327.071044921875 1737.7650146484375],0.671044409,ML64OGX,0.744216189
1365,549,[852.4361176180116 1173.1910871309215 1615.9867793505725 1879.542974432566],[1128.606201171875 1651.520751953125 1326.3358154296875 1748.159423828125],0.656186163,NL64OCX,0.762865212
1366,549,[849.5591912650558 1175.6783994653513 1615.2524583266118 1884.5640080526698],[1124.7884521484375 1653.26123046875 1327.823974609375 1751.3310546875],0.667917669,NL64OCX,0.675164027
1367,549,[844.4913842424501 1180.3222698684822 1612.210318805042 1890.9840752073005],[1123.1474609375 1662.8946533203125 1317.99658203125 1759.8555908203125],0.64889884,NL64OCX,0.691266404
1367,493,[2404.5743993759397 1659.3539643408737 3154.4686428113882 2156.992448914168],[2700.541015625 2072.2724609375 2879.3134765625 2143.66259765625],0.644487143,OR05VKI,0.089015942
1368,493,[2406.0683886430406 1665.3392733987362 3157.432979602255 2157.713735492294],[2694.81201171875 2071.892333984375 2897.85302734375 2146.525390625],0.60436517,OR05VKJ,0.354352729
1369,493,[2407.8947507698135 1671.1229189370051 3161.111251125259 2159.0920939831435],[2696.3681640625 2072.93798828125 2896.3203125 2156.05322265625],0.700537801,MR05VKJ,0.431620542
1369,549,[836.8761546028966 1189.0339926984686 1609.2271873962093 1902.9015226474614],[1119.66015625 1681.988525390625 1304.68603515625 1772.107177734375],0.676260054,NL64OGX,0.254929875
1370,493,[2407.57398111812 1677.9999359086553 3163.7455525049027 2160.688767473124],[2689.95361328125 2075.17529296875 2896.9111328125 2159.184814453125],0.670634389,OF05VKJ,0.612655017
1371,549,[826.6416345402384 1202.6324976917692 1601.3520391474372 1918.857782292909],[1113.4962158203125 1687.52392578125 1307.0057373046875 1785.0185546875],0.682376325,NL64OCX,0.657311352
1373,549,[816.1599054356445 1211.7909024358041 1599.8469527442141 1932.432910871104],[1105.90966796875 1701.853271484375 1305.22607421875 1798.0784912109375],0.655736148,NL64OGX,0.954207648
1375,549,[804.8795838842155 1218.1109792024956 1583.3638308754066 1943.7234908062421],[1100.8499755859375 1711.5618896484375 1297.56787109375 1810.1341552734375],0.664271533,NL64OGX,0.110039649
1376,549,[800.4852356489885 1223.6757558990594 1576.000813161498 1950.6090560443872],[1102.658203125 1716.71484375 1300.1231689453125 1813.868408203125],0.668399513,WL64OGX,0.174059263
1377,549,[800.4657648344778 1228.4143193639252 1577.1742492287312 1958.2151834894985],[1100.466552734375 1726.86669921875 1295.32373046875 1820.724853515625],0.679152071,NL64OGY,0.273829082
1380,549,[788.9476636541262 1242.6064394829546 1567.9557853153406 1980.9102983587131],[1089.348388671875 1749.6353759765625 1284.699951171875 1842.1593017578125],0.657332659,NL64OGX,0.112063424
1381,549,[786.8441965172829 1244.9863535427057 1564.2569271438992 1985.686782762562],[1087.567138671875 1750.148681640625 1286.452880859375 1844.1171875],0.664765179,NL64OGX,0.075941435
1382,549,[785.9246176568806 1249.0635815231858 1564.415932907871 1992.0931245643014],[1075.9996337890625 1752.0443115234375 1285.6890869140625 1849.9259033203125],0.665764153,NL64OGX,0.264539036
1382,518,[2204.3458304322503 1322.8107115341127 2879.400486462013 1891.3606469653378],[2444.937744140625 1707.6939697265625 2615.04931640625 1798.0528564453125],0.585687697,LP14LJE,0.464794029
1383,518,[2203.1867185001347 1325.9343466458597 2880.6015220967065 1896.441382982214],[2448.608642578125 1726.9658203125 2623.98779296875 1804.398193359375],0.492957354,LP14LJA,0.14725544
1384,518,[2200.427844737528 1328.8446147709342 2880.4377573470792 1901.2349507680797],[2455.01708984375 1729.603271484375 2629.140625 1805.265380859375],0.56387049,LP14LJA,0.614947845
1385,518,[2203.1075472618677 1332.245760261334 2885.005866848841 1907.616328985997],[2463.1513671875 1734.4735107421875 2628.823974609375 1802.9000244140625],0.571941972,LP14LJI,0.366303812
1386,518,[2200.6466308976487 1335.525303227278 2885.5289945004615 1913.0173208861224],[2462.962646484375 1736.63232421875 2635.853759765625 1814.3009033203125],0.657022655,LP14LJA,0.34029901
1387,518,[2204.3797667133526 1338.6478914021304 2890.796876160029 1917.2833548398635],[2464.424560546875 1736.099853515625 2634.33251953125 1813.7113037109375],0.645103931,LP14LJA,0.440891685
1388,549,[767.1381589635859 1273.950161521088 1553.730249689162 2033.299929838539],[1060.6767578125 1795.594970703125 1278.647705078125 1896.64404296875],0.660413921,NL64CGZ,0.159276852
1389,518,[2210.908225337908 1346.6021779701746 2899.5351645826954 1927.9021068308816],[2468.2353515625 1738.05908203125 2658.67236328125 1824.85693359375],0.68801862,LP14LJA,0.463517003
1390,549,[762.7352091848713 1283.740342538667 1549.804097422122 2047.2647411127232],[1060.6396484375 1808.0189208984375 1263.69775390625 1904.4056396484375],0.64917779,NL64OCY,0.335272957
1391,549,[759.0396419857184 1289.0071128670102 1546.9235309169057 2054.6781962405],[1056.2852783203125 1814.766845703125 1258.0953369140625 1914.6103515625],0.660177946,NL64OGX,0.106271133
1391,518,[2216.0411476272257 1354.719603371076 2906.8887390156215 1937.1585492066058],[2475.4697265625 1756.743896484375 2667.08544921875 1846.781982421875],0.644457221,LP14LJA,0.783761261
1392,549,[755.1731896938134 1297.2046356069782 1544.0017342740437 2064.785975533642],[1052.314697265625 1821.74560546875 1261.01220703125 1922.2880859375],0.683973849,NL60CCY,0.242393893
1392,518,[2218.60137864701 1360.0854846777231 2910.1921402428975 1942.8239346947269],[2473.94970703125 1756.6923828125 2667.365478515625 1846.826416015625],0.6321491,LP14LJA,0.545058078
1394,518,[2219.1428698471254 1368.0352705182627 2916.058493778568 1952.363940553858],[2470.097900390625 1767.4537353515625 2672.13134765625 1860.0340576171875],0.661638319,LP14LJA,0.876059083
1395,549,[743.4322884196914 1313.1284968709597 1537.8914830659419 2087.7080655064037],[1040.3507080078125 1842.0560302734375 1256.025146484375 1944.8338623046875],0.666520953,NL64OCX,0.217572296
1396,549,[740.0511388418686 1316.2833732043027 1536.82298466763 2093.001146775619],[1039.96337890625 1847.0341796875 1258.537109375 1946.4248046875],0.678112149,NL64OGX,0.324581754
1397,549,[737.500365626773 1321.3755413725012 1537.293179402639 2100.3110861781365],[1039.080810546875 1854.1695556640625 1252.869384765625 1956.4361572265625],0.67295599,NL64OGX,0.151082363
1398,549,[736.4144893118561 1328.1349817531213 1546.2990528091518 2108.383582403189],[1033.269287109375 1864.1044921875 1248.7269287109375 1963.373291015625],0.677692592,NL64OGX,0.239074389
1398,518,[2226.29418213023 1382.4767301918919 2928.6633410843206 1972.7222113868124],[2491.317626953125 1786.0667724609375 2682.104736328125 1865.04345703125],0.661017358,LP14LJA,0.15964884
1399,549,[733.6161337432467 1333.0630427870933 1553.9152259462753 2114.2619928157123],[1028.9788818359375 1866.85107421875 1247.2384033203125 1967.806640625],0.689553916,NL64OCX,0.150934923
1401,549,[718.0963935011364 1344.1690486661546 1539.6796172400745 2126.9402602848045],[1025.8802490234375 1881.0699462890625 1240.1524658203125 1985.2723388671875],0.685430706,NL64OGX,0.33598602
1403,518,[2231.1291615942823 1407.0741590374712 2940.2040948267327 2001.1803343175222],[2501.99072265625 1813.2923583984375 2690.65673828125 1897.5970458984375],0.581217229,LP14LJA,0.551931627
1405,518,[2231.3116754038906 1413.9626331145014 2945.0354881449416 2011.287092568437],[2494.949951171875 1813.3443603515625 2697.95556640625 1907.0093994140625],0.69775933,LP14LJA,0.328807353
1406,518,[2234.340809176142 1417.2895952305023 2947.7798818776255 2016.3081706948572],[2503.4130859375 1825.29638671875 2695.89599609375 1915.4853515625],0.70101434,LP14LJA,0.382563512
1407,518,[2237.1369426864267 1419.8670470008979 2952.2229710220054 2021.3256965844348],[2505.55419921875 1826.5858154296875 2703.43994140625 1916.1170654296875],0.681619585,LP14LJA,0.4112852
1408,518,[2239.1540636065233 1422.5327019775198 2955.455128312327 2024.886728697528],[2506.756591796875 1834.657470703125 2704.385498046875 1920.12158203125],0.664816797,LP13LJA,0.287192281
1409,518,[2241.913037117804 1426.2308260351092 2959.839202101866 2030.2167034198392],[2505.10595703125 1836.038818359375 2711.63037109375 1929.521484375],0.675776303,LP14LJA,0.234505472
1410,549,[683.2797308231962 1385.7207470791946 1523.7956061497212 2153.494872167365],[994.6514892578125 1943.46142578125 1223.565185546875 2051.010009765625],0.691889822,NL60OCX,0.063147675
1410,518,[2244.3630272656924 1430.606923837627 2966.159484379665 2035.185797737445],[2510.14697265625 1843.055419921875 2713.8056640625 1941.334716796875],0.682756782,LP14LJA,0.481899503
1411,518,[2245.171341543996 1434.080008401 2969.9404645807085 2039.4804888135752],[2509.07763671875 1845.8609619140625 2714.790771484375 1942.808349609375],0.686367154,LP14LJA,0.440780587
1412,549,[674.8059101524126 1394.9597748073975 1517.2053942696534 2152.3950557146295],[990.7149658203125 1959.68310546875 1209.1796875 2062.328369140625],0.683282077,NL60OGX,0.238946821
1413,549,[670.546723003503 1400.3012394071227 1513.7477366312778 2151.6066400568548],[985.5130004882812 1969.0140380859375 1211.9022216796875 2073.927734375],0.693343401,NL64OGX,0.156820999
1413,518,[2246.481617775411 1444.9050853549381 2975.1410458319715 2053.8213468021095],[2511.486083984375 1862.0782470703125 2721.328369140625 1957.8211669921875],0.683260202,LP14LJA,0.357099523
1414,518,[2251.7974912938657 1448.5862814336313 2979.2464176825756 2059.265974219681],[2514.429931640625 1866.544921875 2724.4130859375 1961.744384765625],0.688455105,LP14LJA,0.435921303
1415,518,[2256.5634507863774 1452.8930054313823 2982.5874849122015 2065.2199023455605],[2520.216064453125 1872.5306396484375 2722.550537109375 1966.9852294921875],0.71813482,LF14LJA,0.259112041
1416,518,[2262.5090163520754 1458.0290817972532 2987.1535654768086 2071.068135852263],[2517.08935546875 1872.7130126953125 2724.002197265625 1967.4451904296875],0.709626317,LP14LJA,0.26566927
1416,549,[659.6237552193805 1419.730914399415 1510.3675904494175 2152.7670766878573],[977.2142944335938 1992.535400390625 1201.962890625 2099.382568359375],0.692859173,NL64OGX,0.191838293
1417,518,[2262.664199098669 1462.1381577073637 2987.9091188020284 2075.432621499657],[2517.4833984375 1874.8046875 2727.658447265625 1973.1875],0.707717657,LP14LJA,0.379743747
1417,549,[655.9923961485172 1425.5412640079235 1510.7595067631448 2152.798776685671],[977.8348388671875 1996.9931640625 1209.34423828125 2103.51025390625],0.700065255,NL64OGY,0.385199131
1418,518,[2263.4475335842953 1466.2760165791492 2989.639406124691 2080.547900395338],[2516.4140625 1883.4107666015625 2727.632080078125 1979.4169921875],0.708284497,LP14LJA,0.260611688
1419,518,[2265.5880471950454 1471.4401815524016 2992.282122196109 2087.097356401612],[2524.2978515625 1892.84912109375 2730.604248046875 1989.476806640625],0.695487499,LP14LJA,0.31455122
1420,518,[2265.956313656933 1474.9644536928731 2993.8740846491874 2092.298771686313],[2529.63525390625 1896.288330078125 2732.6943359375 1992.028076171875],0.690501392,LP14LJA,0.374687948
1421,518,[2267.0291486587184 1476.8128147654645 2996.0280694408157 2096.330725203231],[2531.78076171875 1900.6922607421875 2734.31884765625 1993.4256591796875],0.694273949,LP14LJA,0.313329889
1422,518,[2267.7777328716556 1481.459398902507 2998.2249301781994 2102.9368019813533],[2534.563720703125 1908.566162109375 2742.493896484375 2000.99267578125],0.696785271,LP14LJA,0.29471935
1422,549,[631.7012654873546 1453.5582077865693 1520.2930246277283 2153.5746183829892],[960.5762329101562 2040.8212890625 1188.58544921875 2148.001220703125],0.687878013,NL64OGY,0.385881922
1423,518,[2269.02175829484 1485.1223047531553 3000.4747201575155 2107.953883918502],[2537.84130859375 1909.01025390625 2744.0625 2002.561279296875],0.697446704,LP14LJA,0.422829286
1424,518,[2271.668758190526 1491.358908844133 3005.1420458753164 2115.8906011290583],[2536.48291015625 1918.8519287109375 2741.67333984375 2011.5567626953125],0.697520792,LP14LJA,0.538700745
1425,518,[2273.6611249858593 1497.107920936042 3009.723886655355 2123.0952583379053],[2539.1181640625 1924.138671875 2740.18115234375 2016.237060546875],0.688501775,LP14LJA,0.324729469
1427,518,[2274.4315558178364 1503.6976312986203 3015.3705276979786 2130.51504930258],[2543.325439453125 1929.5723876953125 2754.3603515625 2029.5322265625],0.680615187,LP14LJA,0.734663975
1428,518,[2275.9247331992747 1508.017160262913 3020.1332235648797 2136.002281996586],[2546.471923828125 1937.91162109375 2758.05419921875 2038.756591796875],0.680003524,LP14LJA,0.170678958
1431,518,[2282.209960952093 1520.2811148633784 3030.0073190335097 2146.441473826266],[2548.86181640625 1958.02880859375 2768.68359375 2060.63037109375],0.7199983,LP14LJA,0.40774935
1438,518,[2286.3516373838816 1550.981375423423 3046.9055206330145 2157.0431802080534],[2563.57080078125 1998.55078125 2783.1259765625 2092.81201171875],0.707400918,LP14LJA,0.501027961
1441,518,[2289.7924288982863 1563.232569046884 3055.048961662517 2156.30471875082],[2565.741943359375 2013.3526611328125 2785.92431640625 2108.89990234375],0.721055686,LP14LJA,0.197931133
1606,634,[1014.0357023243397 1039.3350607603093 1580.75599458654 1534.4466291037375],[1213.5501708984375 1354.1505126953125 1350.0208740234375 1423.09326171875],0.340665758,CE61MYL,0.590505935
1611,634,[1003.0947201774355 1051.47143867727 1571.1565267088727 1552.3251671754522],[1225.61376953125 1387.050537109375 1347.666748046875 1456.9136962890625],0.289196014,CE61MYL,0.212248412
1618,634,[987.8629558101875 1071.8602411583847 1561.4285229538477 1581.4228221065887],[1206.129150390625 1400.92626953125 1338.6383056640625 1470.2412109375],0.505519629,CE61WYL,0.596444437
1623,634,[980.6172772691302 1087.1676352436434 1557.5975924318072 1604.428921811495],[1198.26318359375 1417.66064453125 1323.562744140625 1501.013916015625],0.439150393,CE61MYC,0.306823441
1624,634,[979.3743746178748 1089.3036230305233 1556.0172486974247 1607.4390442579265],[1200.0919189453125 1420.52734375 1324.9984130859375 1502.114990234375],0.481128365,CE61MYU,0.114567432
1625,634,[981.1843548412589 1091.6919871990062 1562.9686173604573 1612.005880939123],[1193.802490234375 1420.959716796875 1320.7490234375 1495.66845703125],0.283933014,CE51CYE,0.219178986
1629,634,[969.5163939151555 1105.4652306108226 1556.289819625844 1631.503436251258],[1193.6905517578125 1442.4072265625 1336.158203125 1519.082275390625],0.387439936,CE61NYL,0.4610088
1630,634,[967.2694573279023 1108.31590022317 1554.2242296886361 1634.2515261744566],[1192.1143798828125 1446.7314453125 1328.445556640625 1518.757080078125],0.401821226,CE51NYL,0.348513603
1631,634,[966.8755086076177 1112.0221892465308 1555.2558884097352 1638.2256213332491],[1186.31005859375 1449.698486328125 1316.853271484375 1519.31005859375],0.524524093,CE61MYL,0.211941989
1636,634,[956.5557241301506 1122.9634421044486 1545.0202675139683 1656.6242505098696],[1186.9541015625 1467.0391845703125 1324.1949462890625 1549.7852783203125],0.296513796,CE61VYL,0.320483099
1638,634,[953.0611075028388 1129.9302570527063 1542.6195197706925 1668.25788481006],[1170.4163818359375 1475.61572265625 1320.399169921875 1557.68798828125],0.322322845,CE61MYL,0.203966288
1640,634,[948.8781961346972 1135.6680547370154 1540.9869902588043 1677.644168345542],[1160.222412109375 1471.67041015625 1310.7098388671875 1562.500732421875],0.409959286,CE61MYL,0.524369921
1641,634,[947.132435552799 1139.516718445802 1540.1894534436747 1683.1100456516926],[1163.877685546875 1487.8216552734375 1317.8909912109375 1566.2999267578125],0.425068408,CE51MYL,0.286584993
1643,634,[941.7122203090292 1145.408430527043 1538.1141231414313 1690.8179696085158],[1155.693115234375 1495.1575927734375 1309.771484375 1569.4793701171875],0.305125594,CE61UYL,0.606835708
1644,634,[938.6062076241756 1149.1572865091343 1536.9704552250419 1695.0674654393638],[1160.988037109375 1496.0006103515625 1313.43408203125 1571.5843505859375],0.414283633,CE61MYL,0.543762933
1645,634,[936.5013226113695 1151.4273350028052 1536.7581903573575 1697.561613468291],[1173.50439453125 1499.5323486328125 1310.796875 1576.2747802734375],0.456287473,CE61MYL,0.687368457
1647,634,[932.6955614949022 1160.4164503777984 1535.9052380562364 1708.4523525850423],[1153.815185546875 1511.58544921875 1326.13037109375 1599.406494140625],0.471838772,CE61MYL,0.174670615
1649,634,[930.2817022853087 1167.985681497324 1536.2444427662995 1718.891213993466],[1149.330078125 1520.019287109375 1317.5458984375 1604.392822265625],0.461944133,CE61UYL,0.337596303
1651,634,[927.6573772571492 1172.380434402302 1542.1050409682853 1725.9404882162762],[1159.2664794921875 1522.799072265625 1315.3409423828125 1608.8486328125],0.253444403,CE51VYL,0.143467399
1652,634,[927.2806126985978 1175.3510441511899 1547.7885166423202 1729.7037733662692],[1157.845947265625 1540.95556640625 1308.748779296875 1610.8681640625],0.351218492,CE51LYL,0.395188626
1653,634,[922.0750220966502 1178.0603714265285 1542.989808125506 1734.2104979263795],[1140.840576171875 1540.563720703125 1314.119140625 1617.4306640625],0.411495358,CE61LYL,0.295649743
1654,634,[919.4370038817349 1179.9195176270603 1540.9615759429241 1737.635719684465],[1147.760498046875 1542.0966796875 1311.493896484375 1618.3330078125],0.561461151,CE61LYL,0.140455287
1655,634,[916.3069332452942 1183.8808570403016 1542.397243113705 1742.989953756285],[1141.947265625 1544.188232421875 1314.898193359375 1617.855224609375],0.477930576,CE61WYL,0.571388282
1656,634,[917.544806928094 1186.8970490499178 1553.4030852088542 1747.2856341825018],[1142.027099609375 1545.83935546875 1308.53076171875 1630.13671875],0.588474631,CE61CYL,0.180508774
1657,634,[915.4403075068237 1190.1993601914342 1559.1203323922098 1751.0243757587064],[1149.86083984375 1550.3272705078125 1301.85595703125 1629.3380126953125],0.475727856,CE61NYL,0.457649655
1658,634,[910.8899522411441 1192.959784920808 1558.0242570131343 1754.6172014986437],[1154.6171875 1554.7666015625 1298.19970703125 1636.93896484375],0.288792163,CE61NYL,0.371795986
1660,634,[905.6997539494068 1203.5715429247236 1559.8492002457606 1766.5826194571716],[1137.038818359375 1565.9542236328125 1282.623779296875 1645.743896484375],0.287938088,CE61MYL,0.45284569
1665,634,[893.8045379580967 1220.250403820898 1556.4429224866558 1790.2796128233385],[1124.930908203125 1594.520263671875 1274.999755859375 1670.626708984375],0.512812197,CE61MYL,0.145721033
1666,634,[892.1222339492988 1221.859053813198 1557.7035531190836 1793.3290464233332],[1132.3758544921875 1596.9539794921875 1278.0897216796875 1672.2176513671875],0.494420558,CE61LYL,0.150800967
1667,634,[889.0309811833067 1225.2639757465483 1557.9331702280292 1798.8856649092834],[1114.173095703125 1593.9466552734375 1268.67724609375 1682.8568115234375],0.590318918,CE61MYL,0.554061781
1669,634,[881.1846322659169 1232.5109589016656 1553.45674852648 1810.7249120692622],[1121.905517578125 1613.16650390625 1287.7276611328125 1697.495361328125],0.447614491,CE61WYL,0.323948499
1670,634,[877.2964040006912 1234.9128827703264 1551.8756180218068 1815.6754871811802],[1118.6357421875 1622.971923828125 1282.893798828125 1699.359619140625],0.357474655,CE61WYL,0.274692208
1671,634,[875.3803061621329 1239.6637026589895 1551.959809810773 1821.6544269251096],[1139.664794921875 1633.73388671875 1292.94970703125 1703.083984375],0.415894717,CE61MYL,0.255286408
1672,634,[872.7775340685741 1242.6552170263005 1550.8494933718086 1826.785490764609],[1116.02734375 1626.602783203125 1272.6121826171875 1703.607421875],0.533110261,CE61CYL,0.244092408
1673,634,[871.4162193539485 1247.628565613451 1551.0660750255677 1833.8966944923668],[1107.455322265625 1633.1934814453125 1271.125732421875 1714.203369140625],0.589385211,CE61CYL,0.371838907
1674,634,[869.3562941494924 1252.6836227548877 1551.2147676416603 1839.790948126387],[1104.1591796875 1640.93017578125 1267.8194580078125 1713.852783203125],0.571492195,CE61CYL,0.191434017
1675,634,[866.7644392638133 1255.1517543565042 1549.806248154721 1842.8881368844673],[1101.673583984375 1637.6649169921875 1271.7109375 1716.1322021484375],0.622520328,CE61WYL,0.248370528
1676,634,[864.962420937849 1258.9474587636164 1548.71037942466 1847.1789035915363],[1106.3946533203125 1646.37890625 1271.9835205078125 1726.5963134765625],0.549664199,CE61WYL,0.193939431
1677,634,[862.2954373353713 1264.082254619523 1548.7006350892198 1853.405814238303],[1108.55859375 1648.50537109375 1276.1348876953125 1734.435546875],0.541091502,CE61LYL,0.192537997
1679,634,[857.0930612002307 1270.1697761163348 1548.225635052882 1864.4723043183114],[1088.170166015625 1661.773681640625 1265.50048828125 1745.3115234375],0.541918337,CE61CYL,0.17023821
1684,634,[841.8795500976262 1292.7896646680902 1539.1675002807747 1894.1167522283831],[1085.51025390625 1685.0760498046875 1266.53662109375 1766.4906005859375],0.580598891,CE61LYL,0.444915676
1685,634,[838.6032419229471 1297.8228961836217 1537.8198343881902 1898.0395120142116],[1080.12158203125 1686.923828125 1261.668212890625 1774.093994140625],0.617899537,CE61LYL,0.504457208
1686,634,[835.6504308525343 1304.2663229239993 1534.5797705594885 1904.4683720924386],[1090.369873046875 1698.3365478515625 1247.340576171875 1778.3280029296875],0.606597185,CE61MYL,0.446713634
1688,634,[831.0229264446311 1311.1268208572671 1533.5575449467046 1915.219230961489],[1081.433837890625 1709.15234375 1248.841796875 1790.767333984375],0.377585053,CE61MYL,0.523219705
1690,634,[825.0663779596902 1316.039986176915 1532.834801482381 1924.7265371368064],[1062.6390380859375 1714.6109619140625 1236.205078125 1801.0198974609375],0.400538206,CE61MYL,0.43006753
1691,634,[822.1459028670602 1320.8748738179843 1532.1698523767022 1931.6758020342613],[1076.1832275390625 1723.74609375 1251.560546875 1803.4442138671875],0.538353026,CE61LYL,0.765325442
1692,634,[818.0424429250806 1323.9850937810816 1529.99030911322 1936.5237354630276],[1083.2186279296875 1734.555908203125 1240.4542236328125 1805.808837890625],0.582439065,CE61LYL,0.457601093
1693,634,[815.9470482672239 1327.3315964464705 1529.0275029765573 1940.7648633724666],[1079.1602783203125 1736.37744140625 1237.386474609375 1808.271240234375],0.539737165,CE61WYL,0.259105863
1694,634,[813.3567528733995 1330.0526256976505 1527.710455803456 1944.5295613107246],[1041.4010009765625 1730.2459716796875 1222.669189453125 1818.7628173828125],0.620647669,CE61MYL,0.28409997
1696,634,[809.7885138851329 1340.2696008487396 1526.4661818566692 1956.9138648624753],[1046.0482177734375 1739.771728515625 1223.8414306640625 1826.64453125],0.623913884,CE61CYL,0.349188216
1697,634,[807.8065147567079 1345.455803242036 1525.7932264330468 1963.3245523981482],[1062.8121337890625 1749.0677490234375 1232.5028076171875 1838.263916015625],0.559767187,CE61WYL,0.38407642
1699,634,[802.1310965897597 1354.158364552343 1522.9279460564512 1975.8525784750238],[1048.204345703125 1751.4649658203125 1219.33544921875 1846.5780029296875],0.468129963,CE61MYL,0.522667334
1700,634,[799.6231081173052 1357.4801742757536 1522.416317160763 1981.4421301641519],[1040.753173828125 1770.7119140625 1232.55224609375 1851.56103515625],0.518670678,CE61CYL,0.325272881
1701,634,[796.0663983943954 1361.8714905350798 1520.9692305742005 1987.7203779819101],[1046.2276611328125 1781.1156005859375 1202.046875 1851.1226806640625],0.414476424,CE61CYC,0.302451107
1703,634,[791.1411084542932 1367.5781312977733 1520.4673554664255 1997.512222033345],[1037.4783935546875 1777.7010498046875 1210.2958984375 1863.6610107421875],0.523269773,CE61CYL,0.677820758
1704,634,[786.7231670069366 1372.138501126089 1517.7751624454388 2003.4675975051505],[1044.471923828125 1786.9326171875 1230.59130859375 1875.477294921875],0.652269542,CE61WYL,0.157516343
1705,634,[783.8880092063464 1374.5535119383985 1515.252669406355 2007.9046402426325],[1040.070068359375 1786.7296142578125 1224.413330078125 1878.50537109375],0.65033716,CE61WYL,0.371294884
1706,634,[782.2029224697909 1378.4185970267904 1513.9951300383254 2013.9343729746402],[1040.4423828125 1798.9486083984375 1229.448974609375 1889.4290771484375],0.536131203,CE61CYL,0.107808813
1707,634,[778.6739508728538 1383.543301644026 1512.678279559299 2021.8853227065715],[1023.3946533203125 1804.57470703125 1218.353515625 1897.282470703125],0.583351433,CE61LYL,0.603902005
1711,634,[764.5558286835653 1399.465263838778 1506.880318903502 2043.6014527128273],[1012.2490234375 1827.781005859375 1218.8663330078125 1913.002685546875],0.619277239,CE61CYL,0.590798495
1712,634,[762.0425826421169 1402.801562001339 1505.6698539834001 2049.4886289108827],[1016.6304931640625 1830.3775634765625 1214.7802734375 1923.2633056640625],0.545812011,CE61LVL,0.499875266
1713,634,[758.2088618880241 1409.2042161193428 1504.1005661961315 2057.484151645109],[1016.9930419921875 1837.9599609375 1202.089111328125 1928.43017578125],0.604716301,CE61LYL,0.428024953
1714,634,[756.0283586808517 1413.505270771087 1504.3457594464367 2063.359042925405],[1017.7930297851562 1844.529052734375 1216.6455078125 1937.30419921875],0.593984187,CE61CYL,0.565820851
1715,634,[752.856106747288 1420.5166309301978 1503.114452629105 2071.3260154336504],[1006.39013671875 1852.94970703125 1216.2315673828125 1941.2362060546875],0.567846298,CE61LYL,0.260195687
1716,634,[749.1162988471117 1425.9350346886085 1502.2900571783864 2078.078191490758],[1004.8616943359375 1851.0574951171875 1190.830322265625 1941.6097412109375],0.494580984,CE61CYL,0.185040345
1717,634,[746.8918958267517 1428.8443404169498 1502.9535001914705 2081.9715865147373],[1004.2051391601562 1858.5802001953125 1189.3172607421875 1946.5389404296875],0.368406355,CE61VYL,0.298957596
1718,634,[743.7593995941402 1432.9449159074481 1501.843201420394 2086.9567686404357],[1004.0396118164062 1860.358154296875 1190.69091796875 1954.6102294921875],0.308712453,CE51WYL,0.22563499
1719,634,[740.2498262024069 1438.4650146609406 1501.0802177690239 2093.7395384864967],[996.4652709960938 1879.724853515625 1193.447509765625 1964.143798828125],0.620909631,CE61WYL,0.469007971
1721,634,[734.997330709987 1446.2734727404234 1498.8951169055215 2105.758640830225],[997.8012084960938 1882.863037109375 1182.820556640625 1974.349609375],0.681563258,CE61VYL,0.248805693
1722,634,[731.3717471546919 1451.0348159874554 1497.2903030232928 2112.571851123601],[1003.23193359375 1895.34130859375 1187.810302734375 1984.539306640625],0.607562661,CE61VYL,0.22535168
1723,634,[728.9190571511863 1454.418190017297 1496.3620460031439 2117.182442075246],[1001.023681640625 1893.029296875 1192.11328125 1987.083251953125],0.582605124,CE61WYL,0.263339975
1725,634,[720.4907541886803 1463.0202204545503 1492.5458322242146 2127.534720201866],[995.0445556640625 1906.614013671875 1183.7724609375 1998.494873046875],0.505491495,CE61LYL,0.697573987
1726,634,[718.1943543092925 1465.8567754114383 1493.098397466033 2131.1603619317],[992.490234375 1917.3544921875 1173.7393798828125 1999.2154541015625],0.604010344,CE61WYL,0.35544374
1727,634,[714.9027910812099 1471.439060574091 1491.4163776873486 2137.1244067015223],[987.408203125 1925.237548828125 1174.050537109375 2006.7216796875],0.625657201,CE61LYL,0.287717751
1729,634,[708.7648523293707 1481.1261041276357 1490.127302627725 2146.178549754893],[981.595458984375 1927.033203125 1172.0181884765625 2019.558349609375],0.658902049,CE61WYL,0.519782963
1730,634,[704.9918629767425 1487.274423956115 1488.96245448022 2149.29124372379],[973.586181640625 1932.150146484375 1180.2296142578125 2031.097412109375],0.669525206,CE61LYL,0.73821736
1731,634,[701.1900273450337 1491.4561633990263 1486.831129354539 2150.7581174581537],[963.7135009765625 1940.092529296875 1178.6549072265625 2035.428955078125],0.63378793,CE61TYL,0.251174458
1733,634,[695.5817447296647 1498.8869563064163 1484.753901962991 2152.5707188775414],[965.023681640625 1955.88720703125 1169.5257568359375 2046.123046875],0.573272288,CE61WYL,0.500948758
1735,634,[689.3094529076052 1505.8435940596828 1480.1023185883632 2153.7531530531696],[961.8956909179688 1969.23779296875 1171.0673828125 2055.58447265625],0.60492599,CE61WYL,0.79016527
1736,634,[686.610492160251 1511.456913437146 1479.2714674211807 2155.7487807683356],[959.596435546875 1976.719482421875 1159.7867431640625 2063.6806640625],0.642059088,CE61LYL,0.43844503
1737,634,[682.0583190984192 1515.6246971508172 1477.665730563886 2155.938280178543],[953.80810546875 1976.7059326171875 1173.216064453125 2078.15869140625],0.668276131,CE61CYL,0.406448722
1738,634,[680.0785388078789 1519.262194411229 1478.1302156691318 2156.037957994964],[958.885986328125 1984.350830078125 1159.994384765625 2079.184814453125],0.633622587,CE61NYL,0.19231241
1739,634,[676.5534057825329 1523.5322771325027 1477.4474594601093 2156.3125399961245],[950.9476318359375 1988.570068359375 1164.0260009765625 2085.45263671875],0.597537279,CE61LYL,0.422160793
1740,634,[673.0732713168711 1528.6298168179217 1475.9191458194157 2157.028036158165],[951.2215576171875 1996.6717529296875 1148.4312744140625 2090.7265625],0.627538681,CE61LYL,0.137942543
1741,634,[669.9968142676537 1533.943701966407 1475.1249558691409 2157.7278599787137],[940.657470703125 2006.9271240234375 1150.84716796875 2094.73486328125],0.591264188,CE61LYL,0.339701962
1744,634,[658.8349192745468 1548.5846203039669 1468.252837560843 2158.580419915043],[942.2568359375 2024.03173828125 1148.1937255859375 2118.290771484375],0.658271432,CE61WYL,0.215214429
1745,634,[656.9512141965222 1554.4052564752283 1469.2266459166497 2159.592692998344],[935.7998657226562 2027.7802734375 1143.6368408203125 2123.732666015625],0.636894703,CE61LYL,0.21831717
1746,634,[652.1153884119847 1560.1068517024141 1467.2521317664175 2158.847034535086],[935.479248046875 2040.296630859375 1138.27294921875 2129.1533203125],0.638874471,CE61WYL,0.264693956
1747,634,[649.3459131598509 1564.4641775885707 1466.4941765457945 2158.1057401360213],[935.9686889648438 2045.2833251953125 1146.550537109375 2136.26171875],0.654410005,CE61WYL,0.651096048
1749,634,[643.8770006040525 1576.120550103384 1465.762564884036 2158.6674604441487],[923.4721069335938 2059.9580078125 1145.48681640625 2149.58984375],0.668706834,CE61WYL,0.463603862
1750,634,[640.1388626425608 1580.45620527636 1464.2174641629479 2157.890961430662],[912.0238037109375 2069.438232421875 1141.083251953125 2156.4052734375],0.63633877,CE61LYL,0.347011764
1768,687,[2241.8827055026013 1072.5742682763346 2754.78994553293 1468.553951367602],[2430.17822265625 1298.34521484375 2586.9794921875 1386.98681640625],0.284746706,SC56DFP,0.179177211
1773,687,[2243.738143869042 1080.6493244870412 2763.1868330685247 1483.448040138086],[2437.207763671875 1311.2874755859375 2591.82275390625 1407.811767578125],0.292951018,SC56DFP,0.119453977
1776,687,[2242.9903940796617 1087.7587669303198 2766.021500660597 1493.272386322718],[2430.38671875 1320.3787841796875 2592.608642578125 1412.0706787109375],0.283587784,SC56DVP,0.614357093
1777,687,[2243.4123548052703 1090.138322073548 2767.155432049699 1496.257654643121],[2421.369140625 1317.853515625 2592.951171875 1411.37646484375],0.332634002,SC56DVP,0.275871626
1786,687,[2242.091626615411 1110.4670619651008 2773.6961898421596 1525.3696865338363],[2416.44970703125 1347.63818359375 2588.089599609375 1435.805419921875],0.274075389,SC55DFP,0.082032279
1791,687,[2240.127939946309 1123.15577116348 2776.8523674872013 1541.472321158447],[2422.339599609375 1356.238525390625 2593.201904296875 1461.89111328125],0.420039386,SC56DYP,0.590179175
1792,687,[2240.5850355942957 1125.3976411158064 2777.855476050254 1544.2068365785767],[2429.38525390625 1355.7584228515625 2601.103515625 1459.86279296875],0.269385666,SC56DYP,0.381446094
1793,687,[2239.9081354918835 1129.1230897419796 2777.473270576904 1547.994458463888],[2418.04833984375 1365.3046875 2603.949462890625 1458.125244140625],0.327413291,SC56DYP,0.352188291
1797,687,[2239.866260331439 1141.1446560002573 2781.2260772824243 1561.387972736432],[2418.77587890625 1382.1419677734375 2593.87890625 1481.2503662109375],0.324669659,SC56DYP,0.36177305
1798,687,[2239.235577906939 1143.0867621197922 2782.5407659520984 1564.4838581572772],[2420.126220703125 1386.119140625 2595.286376953125 1477.718017578125],0.297417015,SC56DYP,0.333960522
1799,687,[2239.9171140980466 1145.81326762356 2784.7152818747295 1567.8508769592408],[2421.93017578125 1388.9747314453125 2599.58056640625 1486.8175048828125],0.481648624,SC56DYP,0.311381221
